id,q43_%dd,q43_%dr,q43_%dtotal,
28007,2,House,180,
28015,2,House,88,
28017,1,House,93,
28023,4,House,49,
28027,2,House,250,
28029,2,House,0,
28031,3,House,173,
28033,1,Senate,107,
28033,1,House,142,
28039,4,Senate,6,
28041,4,Senate,60,
28041,4,House,101,
28045,4,House,33,
28049,2,House,636,
28049,3,House,391,
28075,3,House,800,
28079,2,House,0,
28079,3,House,0,
28091,3,House,65,
28091,4,House,98,
28093,1,House,446,
28109,4,House,459,
28113,3,House,499,
28121,3,House,14,
28141,1,House,121,
28153,4,House,0,
28153,4,House,0,
28163,2,House,156,
30001,0,Senate,0,
30001,0,House,0,
30003,1,Senate,43,
30003,1,House,54,
30005,1,Senate,0,
30005,1,House,0,
30007,1,Senate,0,
30007,1,House,0,
30009,1,Senate,65,
30009,1,House,130,
30011,1,Senate,0,
30011,1,House,0,
30013,1,Senate,171,
30013,1,House,229,
30015,1,Senate,0,
30015,1,House,0,
30017,1,Senate,43,
30017,1,House,39,
30019,1,Senate,0,
30019,1,House,0,
30021,1,Senate,43,
30021,1,House,62,
30023,1,Senate,2,
30023,1,House,2,
30025,1,Senate,28,
30025,1,House,48,
30027,1,Senate,0,
30027,1,House,0,
30029,1,Senate,253,
30029,1,House,324,
30031,1,Senate,240,
30031,1,House,419,
30033,1,Senate,0,
30033,1,House,0,
30035,1,Senate,48,
30035,1,House,88,
30037,1,Senate,0,
30037,1,House,0,
30039,1,Senate,23,
30039,1,House,34,
30041,1,Senate,52,
30041,1,House,66,
30043,1,Senate,36,
30043,1,House,50,
30045,1,Senate,0,
30045,1,House,0,
30047,1,Senate,0,
30047,1,House,0,
30049,1,Senate,0,
30049,1,House,0,
30051,1,Senate,0,
30051,1,House,0,
30053,1,Senate,0,
30053,1,House,0,
30055,1,Senate,0,
30055,1,House,0,
30057,1,Senate,0,
30057,1,House,0,
30059,1,Senate,0,
30059,1,House,0,
30061,1,Senate,0,
30061,1,House,0,
30063,1,Senate,261,
30063,1,House,579,
30065,1,Senate,0,
30065,1,House,0,
30067,1,Senate,0,
30067,1,House,0,
30069,1,Senate,0,
30069,1,House,0,
30071,1,Senate,0,
30071,1,House,0,
30073,1,Senate,18,
30073,1,House,23,
30075,1,Senate,0,
30075,1,House,0,
30077,1,Senate,0,
30077,1,House,0,
30079,1,Senate,0,
30079,1,House,0,
30081,1,Senate,108,
30081,1,House,172,
30083,1,Senate,0,
30083,1,House,0,
30085,1,Senate,62,
30085,1,House,150,
30087,1,Senate,23,
30087,1,House,0,
30089,1,Senate,0,
30089,1,House,0,
30091,1,Senate,46,
30091,1,House,59,
30093,1,Senate,0,
30093,1,House,0,
30095,1,Senate,7,
30095,1,House,6,
30097,1,Senate,0,
30097,1,House,0,
30099,1,Senate,0,
30099,1,House,0,
30101,1,Senate,0,
30101,1,House,0,
30103,1,Senate,0,
30103,1,House,0,
30105,1,Senate,43,
30105,1,House,59,
30107,1,Senate,0,
30107,1,House,0,
30109,1,Senate,0,
30109,1,House,0,
30111,1,Senate,0,
30111,1,House,0,
53029,2,House,642,
53031,6,House,452,
53033,1,House,2603,
53033,2,House,9,
53033,7,House,6765,
53033,8,House,3840,
53033,9,House,3129,
53035,1,House,1068,
53035,6,House,885,
53037,4,House,197,
53039,4,House,221,
53041,3,House,665,
53043,5,House,114,
53045,6,House,530,
53047,5,House,292,
53049,3,House,210,
53051,5,House,130,
53053,6,House,2126,
53053,8,House,916,
53053,9,House,2002,
53055,2,House,180,
53057,2,House,1004,
53059,3,House,110,
53059,4,House,73,
53061,1,House,2320,
53061,2,House,1485,
53063,5,House,2960,
53065,5,House,374,
53067,3,House,1691,
53067,9,House,1173,
53069,3,House,60,
53071,5,House,561,
53073,2,House,1183,
53075,5,House,277,
53077,4,House,861,
56001,1,Senate,219,
56001,1,House,120,
56003,1,Senate,65,
56003,1,House,95,
56005,1,Senate,160,
56005,1,House,158,
56007,1,Senate,82,
56007,1,House,72,
56009,1,Senate,64,
56009,1,House,69,
56011,1,Senate,79,
56011,1,House,59,
56013,1,Senate,259,
56013,1,House,247,
56015,1,Senate,80,
56015,1,House,62,
56017,1,Senate,48,
56017,1,House,43,
56019,1,Senate,44,
56019,1,House,59,
56021,1,Senate,372,
56021,1,House,370,
56023,1,Senate,103,
56023,1,House,116,
56025,1,Senate,283,
56025,1,House,312,
56027,1,Senate,17,
56027,1,House,17,
56029,1,Senate,216,
56029,1,House,242,
56031,1,Senate,52,
56031,1,House,59,
56033,1,Senate,181,
56033,1,House,115,
56035,1,Senate,43,
56035,1,House,46,
56037,1,Senate,180,
56037,1,House,173,
56039,1,Senate,288,
56039,1,House,76,
56041,1,Senate,78,
56041,1,House,105,
56043,1,Senate,54,
56043,1,House,56,
56045,1,Senate,52,
56045,1,House,51,
60,1,House,0,
01001,2,House,327,
01003,1,House,None,
01005,2,House,170,
01007,6,House,1411,
01009,1,House,None,
01011,2,House,94,
01013,2,House,306,
01015,3,House,561,
01017,3,House,None,
01019,3,House,299,
01021,6,House,3565,
01023,7,House,1254,
01025,1,House,175,
01025,7,House,1287,
01029,179,House,3,
01031,2,House,202,
01033,5,House,None,
01035,2,House,257,
01037,3,House,152,
01037,6,House,328,
01039,2,House,414,
01041,2,House,206,
01043,4,House,644,
01045,7,House,226,
01047,7,House,2074,
01049,4,House,706,
01051,2,House,466,
01053,1,House,166,
01055,4,House,528,
01059,4,House,256,
01061,2,House,172,
01063,7,House,172,
01065,7,House,648,
01067,2,House,223,
01069,2,House,380,
01071,5,House,2687,
01075,4,House,199,
01077,5,House,5284,
01079,5,House,1611,
01081,3,House,503,
01083,5,House,4720,
01085,2,House,216,
01087,3,House,198,
01089,5,House,19036,
01091,7,House,1416,
01093,4,House,155,
01095,4,House,740,
01097,1,House,1238,
01103,4,House,834,
01103,5,House,3995,
01105,7,House,438,
01107,4,House,101,
01107,7,House,561,
01109,2,House,176,
01111,3,House,139,
01113,3,House,169,
01115,4,House,2,
01115,6,House,314,
01117,6,House,7778,
01119,7,House,899,
01121,3,House,325,
01123,3,House,456,
01127,4,House,272,
01129,1,House,202,
01131,7,House,787,
01133,4,House,183,
01027,3,House,158,
01057,4,House,262,
05001,1,House,0,
05003,4,House,125,
05005,1,House,170,
05007,3,House,501,
05009,3,House,0,
05011,4,House,66,
05013,4,House,70,
05015,3,House,118,
05017,4,House,63,
05019,4,House,134,
05021,1,House,125,
05023,1,House,281,
05025,4,House,74,
05027,4,House,348,
05029,2,House,0,
05031,1,House,85,
05033,3,House,0,
05035,1,House,0,
05037,1,House,160,
05039,4,House,93,
05041,4,House,5,
05043,4,House,85,
05045,2,House,344,
05047,3,House,109,
05049,1,House,121,
05051,4,House,797,
05053,4,House,75,
05055,1,House,0,
05057,4,House,105,
05059,4,House,169,
05061,4,House,60,
05063,1,House,10,
05065,1,House,0,
05067,1,House,122,
05069,4,House,0,
05071,3,House,132,
05073,4,House,110,
05075,1,House,0,
05077,1,House,96,
05079,4,House,51,
05081,4,House,92,
05083,4,House,147,
05085,1,House,412,
05087,3,House,69,
05089,3,House,301,
05091,4,House,231,
05093,1,House,431,
05095,1,House,53,
05097,4,House,72,
05099,4,House,0,
05101,3,House,0,
05103,4,House,0,
05105,2,House,134,
05107,1,House,503,
05109,4,House,60,
05111,1,House,76,
05113,4,House,201,
05115,3,House,0,
05117,1,House,95,
05119,2,House,1494,
05121,1,House,116,
05123,1,House,172,
05125,2,House,380,
05127,4,House,90,
05129,1,House,184,
05131,3,House,280,
05133,4,House,41,
05135,1,House,156,
05137,1,House,110,
05139,4,House,912,
05141,2,House,118,
05143,3,House,373,
05145,2,House,438,
05147,1,House,96,
05149,2,House,93,
04001,1,House,289,
04003,8,House,618,
04005,1,House,715,
04005,2,House,6,
04007,1,House,403,
04009,1,House,138,
04011,1,House,0,
04013,2,House,6487,
04013,3,House,6936,
04013,4,House,2853,
04013,5,House,4139,
04013,6,House,18411,
04013,7,House,741,
04015,2,House,1940,
04017,1,House,111,
04017,2,House,34,
04023,7,House,164,
04023,8,House,39,
04025,1,House,1609,
04025,2,House,0,
04027,7,House,1096,
06003,3,House,2334,
06009,3,House,689,
06017,4,House,3518,
06023,1,House,2945,
08001,2,House,1615,
08001,7,House,576,
08003,3,House,48,
08005,1,House,2349,
08005,6,House,2311,
08005,7,House,836,
08007,3,House,104,
08009,4,House,69,
08011,4,House,39,
08013,2,House,1403,
08013,4,House,532,
08014,2,House,436,
08015,5,House,361,
08017,4,House,36,
08019,2,House,107,
08021,3,House,78,
08023,3,House,54,
08025,4,House,76,
08027,3,House,33,
08029,3,House,114,
08031,1,House,13772,
08033,3,House,48,
08035,6,House,1226,
08037,2,House,335,
08039,6,House,225,
08041,5,House,6260,
08043,5,House,512,
08045,3,House,347,
08047,2,House,60,
08049,2,House,178,
08051,3,House,160,
08053,3,House,17,
08055,3,House,40,
08057,3,House,30,
08059,1,House,0,
08059,2,House,582,
08059,6,House,1198,
08059,7,House,2501,
08061,4,House,29,
08063,4,House,116,
08065,5,House,216,
08067,3,House,364,
08069,4,House,2243,
08071,3,House,85,
08073,4,House,75,
08075,4,House,143,
08077,3,House,631,
08079,3,House,21,
08081,3,House,93,
08083,3,House,121,
08085,3,House,207,
08087,4,House,166,
08089,3,House,86,
08089,4,House,12,
08091,3,House,45,
08093,5,House,154,
08093,6,House,81,
08095,4,House,39,
08097,3,House,159,
08099,4,House,45,
08101,3,House,514,
08103,3,House,56,
08105,3,House,53,
08107,3,House,129,
08109,3,House,28,
08111,3,House,11,
08113,3,House,22,
08115,4,House,79,
08117,2,House,450,
08119,5,House,247,
08121,4,House,67,
08123,2,House,333,
08123,4,House,1002,
08125,4,House,89,
09001,3,House,2284,
09001,4,House,9966,
09001,5,House,3772,
09003,1,House,22573,
09003,2,House,1966,
09003,5,House,2792,
09005,1,House,2224,
09005,5,House,2785,
09007,1,House,1194,
09007,2,House,2512,
09007,3,House,3969,
09009,2,House,458,
09009,3,House,22057,
09009,4,House,297,
09009,5,House,4926,
09011,2,House,4334,
09013,835,Senate,None,
09013,2,House,2440,
09015,2,House,2349,
27097,8,House,225,
27099,1,House,204,
27101,1,House,71,
27103,1,House,134,
27105,1,House,115,
27107,7,House,64,
27109,1,House,545,
27111,7,House,324,
27113,7,House,69,
27115,8,House,155,
27117,1,House,106,
27119,7,House,183,
27121,7,House,135,
27123,46,House,7641,
27123,5,House,48,
27123,6,House,0,
27125,7,House,34,
27127,7,House,197,
27129,7,House,114,
35001,1,House,2630,
35001,2,House,19,
35001,3,House,91,
35015,2,House,148,
35023,2,House,31,
35025,2,House,53,
35031,1,Senate,157,
35031,2,House,22,
35031,3,House,150,
35059,3,House,45,
35061,1,House,88,
35061,2,House,170,
32003,1,House,3073,
32003,2,House,382,
32003,3,House,4215,
32013,2,House,132,
32033,2,House,108,
51001,2,House,275,
51003,5,House,405,
51005,6,House,148,
51005,9,House,204,
51007,4,House,399,
51009,6,House,757,
51011,5,House,127,
51013,8,House,1036,
51015,6,House,1622,
51017,6,House,153,
51019,5,House,335,
51019,6,House,647,
51021,9,House,69,
51023,6,House,616,
51025,4,House,207,
51025,5,House,174,
51027,9,House,212,
51029,5,House,122,
51031,5,House,559,
51033,1,House,151,
51033,7,House,163,
51035,9,House,180,
51036,3,House,583,
51037,5,House,157,
51041,4,House,2731,
51041,7,House,752,
51043,10,House,66,
51045,9,House,60,
51047,7,House,348,
51049,5,House,145,
51051,9,House,243,
51053,4,House,794,
51057,1,House,152,
51059,8,House,2020,
51059,10,House,823,
51059,11,House,2596,
51061,1,House,232,
51061,10,House,126,
51063,9,House,119,
51065,5,House,140,
51067,5,House,365,
51069,10,House,252,
51071,9,House,202,
51073,1,House,170,
51075,7,House,219,
51077,9,House,1545,
51079,5,House,100,
51081,4,House,484,
51083,5,House,451,
51085,7,House,650,
51087,3,House,3726,
51087,7,House,1487,
51089,5,House,185,
51089,9,House,366,
51091,6,House,50,
51093,4,House,804,
51095,1,House,572,
51097,1,House,123,
51099,1,House,87,
51101,1,House,91,
51103,1,House,113,
51105,9,House,192,
51107,10,House,550,
51109,7,House,373,
51111,5,House,148,
51113,7,House,149,
51115,1,House,110,
51117,5,House,258,
51119,1,House,172,
51121,9,House,420,
51125,5,House,71,
51127,3,,2180,
51131,2,House,125,
51133,1,House,93,
51135,4,House,737,
51137,7,House,345,
51139,7,House,224,
51141,9,House,336,
51143,5,House,761,
51145,4,House,577,
51147,5,House,327,
51149,3,House,1720,
51149,4,House,388,
51153,1,House,179,
51153,10,House,198,
51153,11,House,1028,
51155,9,House,248,
51157,7,House,90,
51159,1,House,79,
51161,6,House,1485,
51161,9,House,158,
51163,6,House,663,
51165,6,House,1272,
51167,9,House,153,
51169,9,House,292,
51171,6,House,930,
51173,9,House,212,
51175,4,House,623,
51177,1,House,454,
51177,7,House,187,
51179,1,House,885,
51181,3,,638,
51183,4,House,577,
51185,9,House,477,
51187,10,House,200,
51191,9,House,498,
51193,1,House,156,
51195,9,House,294,
51197,9,House,170,
51199,1,House,215,
51510,8,House,747,
51515,5,House,146,
51520,9,House,148,
51530,6,House,201,
51540,5,House,153,
51550,4,House,5696,
51570,4,House,338,
51580,6,House,19,
51580,9,House,77,
51590,5,House,570,
51595,4,House,227,
51600,11,House,129,
51610,8,House,88,
51620,4,House,281,
51630,1,House,89,
51640,9,House,47,
51650,1,House,216,
51650,3,House,2002,
51660,6,House,754,
51670,4,House,735,
51678,6,House,198,
51680,6,House,2925,
51683,10,House,126,
51685,10,House,27,
51690,5,House,145,
51700,1,House,404,
51700,3,House,4205,
51710,2,House,435,
51710,3,House,5420,
51720,9,House,12,
51730,4,House,1742,
51735,1,House,67,
51740,3,House,5694,
51750,9,House,61,
51760,3,House,4361,
51760,7,House,578,
51770,6,House,2462,
51775,6,House,536,
51790,6,House,442,
51800,4,House,2104,
51810,2,House,2044,
51820,6,House,444,
51830,1,House,81,
51840,10,House,106,
53001,4,House,20,
53001,5,House,64,
53003,5,House,236,
53005,4,House,996,
53007,364,Senate,None,
53007,4,House,648,
53009,6,House,1048,
53011,3,House,1960,
53013,5,House,67,
53015,3,House,582,
53017,4,House,287,
53019,5,House,68,
53021,4,House,213,
53023,5,House,60,
53025,4,House,470,
53027,6,House,688,
22001,7,House,1119,
22003,4,House,501,
22003,5,House,128,
22005,3,House,190,
22005,6,House,348,
22007,3,House,225,
22009,5,House,411,
22011,4,House,387,
22013,4,House,228,
22015,4,House,438,
22017,4,House,6063,
22019,7,House,5287,
22021,5,House,58,
22023,7,House,34,
22025,5,House,225,
22027,4,House,115,
22029,5,House,514,
22031,4,House,184,
22033,6,House,7048,
22035,5,House,204,
22037,6,House,376,
22039,5,House,261,
22039,7,House,932,
22041,5,House,88,
22043,4,House,227,
22045,3,House,365,
22047,5,House,316,
22047,6,House,228,
22049,5,House,253,
22051,1,House,1249,
22051,2,House,434,
22051,3,House,42,
22053,7,House,495,
22055,7,House,3755,
22057,3,House,457,
22059,5,House,218,
22061,5,House,222,
22063,6,House,1070,
22065,5,House,484,
22067,5,House,227,
22069,4,House,286,
22071,1,House,268,
22071,2,House,782,
22073,5,House,676,
22075,3,House,504,
22077,5,House,220,
22077,6,House,236,
22079,5,House,1102,
22081,4,House,158,
22083,5,House,104,
22085,4,House,283,
22087,3,House,244,
22089,1,House,74,
22089,3,House,248,
22091,6,House,286,
22093,3,House,365,
22095,3,House,290,
22097,7,House,5178,
22099,3,House,330,
22101,3,House,306,
22103,1,House,891,
22105,1,House,607,
22107,5,House,182,
22109,3,House,718,
22111,5,House,207,
22113,7,House,433,
22115,4,House,260,
22117,1,House,518,
22119,4,House,394,
22121,6,House,323,
22123,5,House,127,
22125,6,House,331,
22127,5,House,70,
25001,10,House,2616,
25003,1,House,2146,
19189,4,House,199,
19195,4,House,136,
19000,1,House,3098,
19000,2,House,2477,
19000,3,House,1589,
19000,4,House,5860,
19000,5,House,3523,
16001,1,House,1834,
16001,2,House,1416,
16005,2,House,422,
16011,2,House,301,
16013,2,House,251,
16017,1,House,548,
16019,2,House,661,
16027,1,House,1578,
16031,2,House,127,
16035,1,House,131,
16039,2,House,137,
16041,2,House,142,
16043,2,House,99,
16045,1,House,216,
16047,2,House,127,
16051,2,House,209,
16053,2,House,137,
16055,1,House,841,
16057,1,House,423,
16059,2,House,86,
16065,2,House,177,
16067,2,House,176,
16069,1,House,413,
16071,2,House,44,
16075,1,House,112,
16077,2,House,51,
16079,1,House,158,
16083,2,House,440,
16085,1,House,107,
17001,17,House,483,
17001,18,House,171,
17003,12,House,620,
17005,19,House,None,
17007,16,House,344,
17009,18,House,137,
17011,11,House,270,
17011,14,House,9,
17011,18,House,107,
17013,17,House,277,
17015,16,House,0,
17017,18,House,None,
17019,15,House,640,
17021,17,House,46,
17021,19,House,177,
17023,15,House,156,
17025,19,House,251,
17027,19,House,243,
17029,15,House,276,
1703012,13,House,0,
1703012,14,House,0,
17031,1,House,2952,
17031,2,House,2370,
17031,3,House,4387,
17031,4,House,698,
17031,4,House,1394,
17031,6,House,682,
17031,7,House,1475,
17031,8,House,764,
17031,9,House,4430,
17031,10,House,2115,
17031,13,House,964,
17033,15,House,182,
17035,15,House,164,
17041,15,House,70,
17043,6,House,1605,
17043,13,House,1928,
17043,14,House,197,
17045,15,House,175,
17049,19,House,461,
17053,15,House,2,
17057,17,House,459,
17059,15,House,45,
17059,19,House,207,
17063,11,House,221,
17065,19,House,300,
17067,17,House,290,
17071,17,House,68,
17073,14,House,235,
17073,17,House,147,
17077,12,House,3065,
17081,19,House,479,
17085,16,House,263,
17089,14,House,1964,
17091,11,House,688,
17093,14,House,309,
17095,17,House,49,
17095,18,House,48,
17097,8,House,1160,
17099,11,House,820,
17101,15,House,178,
17101,19,House,143,
17103,14,House,154,
17105,11,House,4,
17105,15,House,237,
17107,18,House,342,
17109,17,House,158,
17111,8,House,357,
17111,16,House,1043,
17113,11,House,328,
17113,15,House,197,
17117,17,House,935,
17119,12,House,3,
17119,17,House,0,
17119,19,House,18,
17121,19,House,202,
17123,18,House,162,
17125,18,House,58,
17129,18,House,149,
17131,17,House,92,
17135,17,House,449,
17135,19,House,169,
17137,18,House,220,
17139,15,House,111,
17141,16,House,349,
17143,18,House,569,
17145,12,House,1330,
17147,15,House,98,
17155,18,House,57,
17163,12,House,11169,
17167,17,House,268,
17167,18,House,764,
17171,18,House,67,
17173,17,House,40,
17173,19,House,210,
17179,18,House,562,
17181,12,House,0,
17183,15,House,None,
17185,15,House,182,
17185,19,House,41,
1718563,15,House,1,
17187,17,House,63,
17191,19,House,None,
17193,15,House,87,
17193,19,House,198,
17195,14,House,0,
17195,16,House,0,
17195,17,House,0,
17197,2,House,17,
17199,12,House,4775,
17199,19,House,49,
17201,16,House,None,
17203,11,House,0,
17203,18,House,0,
1759000,18,House,722,
1765000,16,House,785,
38001,1,House,16,
38003,1,House,45,
38005,1,House,23,
38007,1,House,11,
38009,1,House,54,
38011,1,House,15,
38013,1,House,3,
38015,1,House,363,
38017,1,House,365,
38019,1,House,39,
38021,1,House,20,
38023,1,House,11,
38025,1,House,23,
38027,1,House,18,
38029,1,House,27,
38031,1,House,20,
38033,1,House,25,
38035,1,House,142,
38037,1,House,7,
38039,1,House,12,
38041,1,House,19,
38043,1,House,22,
38045,1,House,29,
38047,1,House,0,
38049,1,House,23,
38051,1,House,21,
38053,1,House,39,
38055,1,House,34,
38057,1,House,52,
38059,1,House,120,
38061,1,House,21,
38063,1,House,13,
38065,1,House,12,
38067,1,House,56,
38069,1,House,46,
38071,1,House,66,
38073,1,House,19,
38075,1,House,11,
38077,1,House,78,
38079,1,House,99,
38081,1,House,11,
38083,1,House,18,
38085,1,House,20,
38087,1,House,7,
38089,1,House,139,
38091,1,House,8,
38093,1,House,89,
38095,1,House,13,
38097,1,House,22,
38099,1,House,50,
38101,1,House,137,
38103,1,House,10,
38105,1,House,85,
31001,3,House,233,
31003,3,House,198,
31005,3,House,10,
31007,3,House,5,
31009,3,House,5,
31011,3,House,159,
31013,3,House,89,
31015,3,House,93,
31017,3,House,64,
31019,3,House,283,
31021,1,House,70,
31023,1,House,137,
31025,1,House,256,
31027,1,House,57,
31027,3,House,418,
31029,3,House,60,
31031,3,House,147,
31033,3,House,75,
31035,3,House,90,
31037,1,House,137,
31039,1,House,95,
31041,3,House,125,
31043,1,House,169,
31045,3,House,64,
31047,3,House,205,
31049,3,House,26,
31051,1,House,98,
31053,1,House,272,
31055,2,House,1958,
31057,3,House,83,
31059,3,House,107,
31063,3,House,48,
31065,3,House,118,
31067,1,House,334,
31069,3,House,42,
31071,3,House,31,
31073,3,House,33,
31075,3,House,20,
31077,3,House,56,
31081,3,House,112,
31083,3,House,45,
31085,3,House,25,
31087,3,House,46,
31089,3,House,160,
31091,3,House,18,
31093,3,House,92,
31095,3,House,104,
31097,1,House,75,
31099,3,House,57,
31101,3,House,77,
31103,3,House,46,
31105,3,House,35,
31107,3,House,291,
31109,1,House,1413,
31111,3,House,348,
31113,3,House,17,
31115,3,House,11,
31117,3,House,18,
31119,1,House,242,
31121,3,House,7,
31123,3,House,23,
31125,3,House,158,
31127,1,House,84,
31129,3,House,100,
31131,1,House,117,
31133,1,House,59,
31135,3,House,40,
31137,3,House,101,
31139,3,House,205,
31141,3,House,398,
31143,3,House,94,
31145,3,House,128,
31147,1,House,131,
31149,3,House,30,
31151,3,House,95,
31153,1,House,254,
31153,2,House,352,
31155,1,House,231,
31157,3,House,141,
31159,1,House,160,
31161,3,House,33,
31163,3,House,64,
31165,3,House,19,
31167,1,House,65,
31169,3,House,20,
31171,2,House,11,
31173,1,House,79,
31175,3,House,66,
31177,1,House,212,
31179,1,House,81,
31181,3,House,82,
31183,3,House,20,
31185,3,House,179,
40001,2,House,173,
40003,3,House,47,
40005,2,House,106,
40007,3,House,56,
40009,3,House,107,
40011,3,House,66,
40013,2,House,419,
40015,3,House,244,
40017,3,House,576,
40017,4,House,221,
40019,4,House,419,
40021,2,House,256,
40023,2,House,181,
40025,3,House,55,
40027,4,House,2325,
40029,2,House,124,
40031,4,House,689,
40033,4,House,69,
40035,2,House,121,
40037,1,House,44,
40037,3,House,653,
40039,3,House,136,
40041,2,House,325,
40043,3,House,62,
40045,3,House,40,
40047,3,House,349,
40049,4,House,327,
40051,4,House,409,
40053,3,House,71,
40055,3,House,62,
40057,3,House,32,
40059,3,House,52,
40061,2,House,119,
40063,2,House,197,
40065,3,House,272,
40067,4,House,117,
40069,2,House,223,
40071,3,House,443,
40073,3,House,115,
40075,3,House,72,
40077,2,House,139,
40079,2,House,376,
40081,3,House,367,
40083,3,House,468,
40085,4,House,101,
40087,4,House,317,
40089,2,House,468,
40091,2,House,213,
40093,3,House,59,
27131,2,House,399,
27133,1,House,67,
12001,6,House,1321,
12003,4,House,177,
12007,6,House,161,
12009,15,House,3811,
12009,24,House,1303,
12011,17,House,6833,
12011,21,House,1350,
12011,22,House,2142,
12015,13,House,225,
12015,14,House,208,
12015,16,House,654,
12017,5,House,958,
12019,6,House,1774,
12021,14,House,1469,
12021,25,House,392,
12023,4,House,518,
12027,13,House,147,
12031,4,House,2756,
12031,6,House,998,
12033,1,House,1498,
12035,7,House,676,
12041,6,House,302,
12043,16,House,72,
12047,4,House,243,
12049,13,House,265,
12051,16,House,107,
12053,5,House,944,
12055,16,House,719,
12057,9,House,1920,
12057,11,House,5063,
12057,12,House,6824,
12059,1,House,231,
12061,15,House,1894,
12065,7,House,77,
12069,5,House,2501,
12069,6,House,1190,
12069,8,House,720,
12071,14,House,2854,
12073,4,House,340,
12075,5,House,206,
12075,6,House,55,
12079,4,House,270,
12081,11,House,145,
12081,13,House,2317,
12083,5,House,142,
12083,6,House,2007,
12083,8,House,461,
12085,16,House,659,
12086,17,House,13183,
12086,18,House,5156,
12086,21,House,7054,
12086,25,House,6782,
12087,18,House,574,
12087,25,House,0,
12089,0,Senate,293,
12089,4,House,395,
12091,1,House,1432,
12093,16,House,125,
12095,7,House,124,
12095,8,House,2415,
12095,24,House,1850,
12097,8,House,28,
12097,12,House,690,
12097,15,House,1460,
12099,16,House,692,
12099,22,House,2456,
12101,5,House,3927,
12101,9,House,2289,
12103,9,House,1740,
12103,10,House,7831,
12103,11,House,1071,
12105,5,House,362,
12105,12,House,5884,
12105,15,House,192,
12107,7,House,423,
12109,7,House,764,
12111,16,House,701,
12113,1,House,406,
12115,13,House,18412,
12117,7,House,1040,
12117,24,House,1118,
12119,5,House,729,
12125,4,House,75,
12127,7,House,2100,
12127,24,House,1374,
12131,1,House,312,
12133,1,House,508,
13281,0,,None,
15001,2,House,983,
15003,1,House,7282,
15003,2,House,1224,
15007,2,House,650,
19001,5,House,189,
19011,3,House,276,
19017,1,House,213,
19019,1,House,275,
19021,5,House,204,
19023,1,House,149,
19025,4,House,263,
19029,5,House,235,
19033,4,House,398,
19037,4,House,385,
19039,5,House,205,
19041,5,House,255,
24000,1,House,9035,
24000,2,House,6706,
24000,3,House,6610,
24000,4,House,6479,
24000,5,House,18915,
24000,6,House,7066,
24000,7,House,34884,
24000,8,House,3807,
23001,2,House,1737,
23003,2,House,1436,
23005,1,House,2594,
23007,2,House,876,
23009,2,House,1208,
23011,1,House,1456,
23011,2,House,629,
23013,1,House,984,
23015,1,House,636,
23017,2,House,1255,
23019,2,House,2411,
23021,2,House,335,
23023,1,House,534,
23025,2,House,1306,
23027,2,House,857,
23029,2,House,974,
23031,1,House,2911,
10001,1,House,1141,
10003,1,House,3746,
10005,1,House,1648,
44001,1,House,627,
44001,2,House,None,
44003,2,House,4692,
44005,1,House,876,
44007,1,House,3262,
44007,2,House,4788,
44009,2,House,4454,
27001,8,House,122,
27003,3,House,498,
27003,5,House,536,
27003,6,House,813,
27005,7,House,207,
27007,7,House,320,
27009,6,House,171,
27011,7,House,90,
27013,1,House,292,
27015,1,House,159,
27017,8,House,99,
27019,2,House,623,
27021,8,House,183,
27023,7,House,84,
27025,8,House,343,
27027,7,House,259,
27029,7,House,99,
27031,8,House,54,
27033,1,House,68,
27035,8,House,345,
27037,2,House,1887,
27037,4,House,914,
27039,1,House,66,
27041,7,Senate,358,
27043,1,House,73,
27045,1,House,122,
27047,1,House,145,
27049,2,House,289,
27051,7,House,58,
27053,3,House,4413,
27053,5,House,5055,
27053,6,House,4,
27055,1,House,206,
27057,8,House,220,
27059,8,House,184,
27061,8,House,211,
27063,1,House,37,
27065,8,House,71,
27067,7,House,352,
27069,7,House,29,
27071,8,House,70,
27073,7,House,67,
27075,8,House,53,
27077,7,House,33,
27079,1,House,2,
27079,2,House,142,
27081,7,House,54,
27083,7,House,192,
27085,7,House,472,
27087,7,House,38,
27089,7,House,62,
27091,1,House,121,
27093,7,House,283,
27095,8,House,165,
40105,2,House,239,
40107,2,House,115,
40109,4,House,424,
40109,5,House,3039,
48025,1626,Senate,None,
40111,2,House,306,
40113,3,House,639,
40115,2,House,341,
40117,3,House,166,
40119,3,House,603,
40121,2,House,1070,
40123,4,House,257,
40125,5,House,690,
40127,2,House,131,
40129,3,House,19,
40131,1,House,106,
40131,2,House,578,
40133,5,House,377,
40135,2,House,245,
40137,4,House,362,
40139,3,House,126,
40141,4,House,125,
40143,1,House,3162,
40145,1,House,618,
40147,1,House,308,
40149,3,House,91,
40151,3,House,63,
40153,3,House,68,
41001,2,House,223,
41003,4,House,439,
41003,5,House,398,
41005,3,House,2347,
41005,5,House,2548,
41007,1,House,407,
41009,1,House,601,
41011,4,House,425,
41013,2,House,285,
41015,4,House,157,
41017,2,House,1858,
41019,4,House,666,
41021,2,House,33,
41023,2,House,101,
41025,2,House,75,
41027,2,House,163,
41029,2,House,1870,
41031,2,House,224,
41033,2,House,693,
41033,4,House,339,
41035,2,House,490,
41037,2,House,85,
41039,4,House,2077,
41041,5,House,402,
41043,4,House,1090,
41045,2,House,270,
41047,5,House,3468,
41049,2,House,83,
41051,1,House,1264,
41051,3,House,7144,
41051,5,House,344,
41053,5,House,539,
41055,2,House,32,
41057,5,House,233,
41059,2,House,704,
41061,2,House,336,
41063,2,House,87,
41065,2,House,281,
41067,1,House,7434,
41069,2,House,25,
41071,1,House,1152,
19045,1,House,332,
19047,5,House,185,
19049,4,House,367,
19059,5,House,314,
19061,1,House,980,
19063,4,House,118,
19067,4,House,295,
19073,4,House,180,
19075,3,House,138,
19079,4,House,231,
19081,4,House,199,
19083,4,House,221,
19085,5,House,195,
19087,2,House,241,
19089,4,House,188,
19091,4,House,143,
19093,5,House,71,
19095,3,House,274,
19101,2,House,332,
19103,2,House,962,
19105,1,House,254,
19107,3,House,210,
19109,4,House,143,
19111,2,House,505,
19125,3,House,274,
19127,4,House,281,
19129,5,House,129,
19131,4,House,230,
19133,5,House,274,
19135,99,,None,
19139,2,House,327,
19141,5,House,None,
19147,5,House,292,
19151,4,House,123,
19155,5,House,840,
19157,3,House,165,
19163,1,House,895,
19165,5,House,261,
19171,3,House,153,
19177,2,House,110,
19181,4,House,877,
19187,4,House,511,
27135,7,House,96,
27137,8,House,790,
27139,2,House,693,
27141,6,House,255,
27143,7,House,283,
27145,6,House,408,
27145,7,House,135,
27147,1,House,160,
27149,7,House,122,
27151,7,House,81,
27153,7,House,263,
27155,7,House,37,
27157,1,House,97,
27159,8,House,156,
27161,1,House,72,
27163,2,House,276,
27163,4,House,693,
27163,6,House,591,
27165,1,House,59,
27167,7,House,28,
27169,1,House,241,
27171,6,House,470,
27173,7,House,87,
40095,4,House,138,
40097,2,House,327,
40099,4,House,235,
40101,2,House,447,
40103,3,House,110,