,County,Hispanic,White,Black,Native,Asian,Pacific,Poverty,ChildPoverty,Professional,Service,Transit,Walk,OtherTransp,WorkAtHome,MeanCommute,PrivateWork,PublicWork,SelfEmployed,FamilyWork,Unemployment,eff_score,minsPerVote
0,anderson,17.818181818181817,58.94545454545455,21.21818181818182,0.4090909090909091,0.6545454545454545,0.009090909090909092,20.990909090909085,24.50909090909091,23.736363636363638,26.4,0.2454545454545455,2.4,0.6000000000000001,3.5454545454545463,19.254545454545454,67.31818181818181,26.590909090909093,6.009090909090909,0.09090909090909093,5.509090909090909,0.7520532741398446,45.12319644839067
1,andrews,49.45,46.5,1.275,0.225,0.725,0.0,10.8,14.725,22.925,14.15,0.0,0.1,1.075,2.65,20.2,81.9,9.775,7.65,0.675,3.575,0.015040735324838104,0.9024441194902862
2,angelina,20.641176470588235,61.39411764705883,15.329411764705885,0.18235294117647055,1.1882352941176473,0.0,19.658823529411762,29.564705882352943,26.317647058823532,21.082352941176477,0.1411764705882353,1.447058823529412,1.641176470588235,1.4823529411764709,18.423529411764704,76.32941176470588,17.7235294117647,5.917647058823531,0.05882352941176471,9.33529411764706,0.7026974690652776,42.16184814391666
3,aransas,23.92,71.17999999999998,1.34,0.1,1.36,0.0,17.5,33.42,32.74,17.860000000000007,0.0,2.64,1.48,6.22,24.54,73.14,12.46,14.1,0.3,5.84,0.031154445277793805,1.8692667166676282
4,archer,7.7333333333333325,89.26666666666668,0.5333333333333333,1.2666666666666666,0.4666666666666666,0.0,9.766666666666667,10.6,33.766666666666666,13.800000000000002,0.0,0.7999999999999999,0.7000000000000001,4.666666666666667,21.66666666666667,76.53333333333333,13.866666666666667,9.433333333333332,0.16666666666666666,2.9666666666666663,0.4405063291139241,26.43037974683545
5,armstrong,11.8,84.5,0.6,1.6,0.0,0.2,6.9,4.3,39.2,12.1,0.0,1.8,1.6,7.5,25.3,65.6,24.4,9.5,0.4,1.1,1.0588235294117647,63.529411764705884
6,atascosa,66.13749999999999,31.9125,0.6125,0.075,0.2375,0.0,18.125,26.75,22.7625,21.725,0.05,1.5874999999999997,0.625,4.9625,29.8,77.275,15.15,7.45,0.1375,7.6,0.9342513429673904,56.05508057804342
7,austin,23.850000000000005,64.63333333333334,9.1,0.016666666666666666,0.0,0.0,11.583333333333336,19.466666666666672,31.18333333333333,15.683333333333332,0.06666666666666668,1.0666666666666669,1.4666666666666668,5.083333333333333,29.08333333333333,80.58333333333333,11.116666666666665,8.183333333333334,0.13333333333333333,5.816666666666666,0.7197334320621992,43.18400592373195
8,bailey,60.1,37.5,1.9,0.1,0.4,0.1,19.0,25.8,23.2,22.4,0.0,3.3,7.7,5.3,19.6,75.3,19.1,5.6,0.0,4.3,0.029611351017890187,1.7766810610734112
9,bandera,16.36,80.16,2.04,0.12,0.24,0.0,13.88,24.54,36.04,17.94,0.4,2.88,0.4,5.619999999999999,35.2,66.64,19.58,13.56,0.22000000000000006,4.74,0.2504402269614557,15.026413617687341
10,bastrop,34.27,56.09,7.26,0.36,0.6699999999999999,0.0,14.71,20.28,30.309999999999995,15.720000000000002,0.29,1.47,0.96,3.61,33.209999999999994,71.66,19.85,8.190000000000001,0.28,9.53,0.5568298996190997,33.40979397714598
11,baylor,8.9,86.4,1.9,0.0,0.0,0.0,11.9,2.2,37.6,12.0,0.0,0.5,1.2,1.4,13.0,62.0,16.6,21.5,0.0,1.4,0.1648068669527897,9.888412017167383
12,bee,55.871428571428574,37.885714285714286,5.571428571428571,0.35714285714285715,0.12857142857142856,0.0,18.814285714285713,28.571428571428577,20.142857142857142,24.800000000000004,0.028571428571428574,2.4714285714285706,1.3571428571428572,2.3000000000000003,26.12857142857143,68.89999999999999,22.542857142857148,8.12857142857143,0.4142857142857143,7.128571428571428,0.2946546622174652,17.679279733047913
13,bell,24.063492063492063,48.54920634920635,20.357142857142858,0.5142857142857143,2.4523809523809517,0.6714285714285714,17.688709677419354,25.529032258064515,29.02857142857143,21.15873015873016,0.30476190476190473,2.5253968253968258,1.806349206349206,3.1444444444444457,19.511111111111113,69.98412698412697,24.942857142857147,4.9365079365079385,0.14285714285714285,10.14126984126984,0.9792437782458436,58.75462669475062
14,bexar,59.97719780219778,28.737362637362647,6.889010989010988,0.2590659340659341,2.375,0.0346153846153846,18.474725274725273,25.612947658402195,32.37417582417581,20.716758241758228,3.3956043956043938,1.944230769230768,1.278021978021978,3.6917582417582415,24.38895027624311,79.54752747252749,14.66456043956044,5.689835164835168,0.09807692307692308,7.909890109890107,4.118189246373101,247.09135478238605
15,blanco,18.7,78.30000000000003,0.05,0.7,0.45,0.0,8.95,14.05,37.05,20.45,0.0,3.05,0.95,5.6,25.9,69.75,17.75,12.25,0.25,6.050000000000002,0.2553503729974318,15.321022379845907
16,borden,8.8,87.9,0.0,3.0,0.0,0.0,1.4,0.0,52.8,11.7,0.0,0.7,0.7,9.6,24.9,45.7,36.2,17.0,1.1,0.7,3.614754098360656,216.88524590163937
17,bosque,16.014285714285716,80.28571428571429,1.4714285714285715,0.3428571428571429,0.3857142857142857,0.0,14.757142857142856,21.957142857142852,27.957142857142852,18.585714285714285,0.1285714285714286,2.928571428571428,0.7714285714285714,4.614285714285714,29.685714285714287,75.4857142857143,12.514285714285714,11.72857142857143,0.2571428571428572,8.128571428571428,104.06355966909656,6243.813580145794
18,bowie,6.7,61.988888888888894,27.62777777777778,0.7111111111111111,0.7499999999999999,0.06666666666666668,21.372222222222227,30.716666666666665,27.16111111111111,22.805555555555557,0.8333333333333333,1.1,2.1944444444444446,2.3833333333333333,18.26111111111111,75.67222222222222,19.277777777777782,4.905555555555555,0.1277777777777778,9.177777777777779,0.9148072341710566,54.88843405026339
19,brazoria,30.522,55.17799999999999,9.53,0.28800000000000003,3.036,0.004,12.81,16.601999999999997,33.556000000000004,15.952,0.182,1.06,1.5280000000000005,2.7400000000000007,27.258000000000006,80.30999999999997,13.789999999999996,5.781999999999999,0.112,6.068,0.1883223403996398,11.299340423978387
20,brazos,23.736585365853664,58.012195121951216,10.141463414634147,0.21463414634146336,6.234146341463416,0.04146341463414634,28.0525,26.3225,40.04878048780487,17.921951219512195,2.5219512195121947,4.151219512195122,2.71219512195122,2.9341463414634146,17.770731707317072,68.04146341463415,25.795121951219517,5.943902439024392,0.23170731707317074,6.54390243902439,0.4379715187383623,26.278291124301738
21,briscoe,32.6,60.4,3.8,0.1,0.0,0.3,18.6,27.4,33.7,16.6,0.0,6.2,1.1,7.5,20.6,62.9,23.6,12.4,1.1,4.7,1.1846001974333662,71.07601184600198
22,brooks,93.1,5.550000000000002,0.05,0.0,1.25,0.0,36.45,56.15,22.35,27.65,0.05,3.0,0.05,2.85,23.2,73.4,20.65,5.95,0.0,13.9,41.69587255611876,2501.7523533671256
23,brown,21.98333333333333,71.65833333333335,4.533333333333332,0.23333333333333334,0.5249999999999999,0.025,20.258333333333336,31.816666666666666,30.675,20.566666666666666,0.3583333333333333,1.075,0.7583333333333333,1.6833333333333331,17.21666666666667,75.97500000000002,15.341666666666667,8.583333333333334,0.1,4.841666666666667,0.4315622725521257,25.893736353127544
24,burleson,17.939999999999994,67.66,11.82,0.16,1.12,0.0,15.28,25.32,28.6,15.94,0.1,0.6799999999999999,0.6399999999999999,3.04,28.140000000000004,69.02,21.42,8.88,0.7,7.9,0.5733788395904437,34.40273037542662
25,burnet,20.1,76.04999999999998,2.325,0.6875,0.30000000000000004,0.0,14.9125,23.675,30.0625,19.75,0.1375,1.9875000000000005,1.2375,6.862500000000002,26.1625,73.3,14.6625,11.9375,0.0875,4.987500000000002,0.7435856059383573,44.61513635630144
26,caldwell,45.1,46.9125,6.4125000000000005,0.1375,0.30000000000000004,0.075,16.7875,21.825000000000006,25.525,22.35,0.125,1.9875,1.925,2.8375,31.625,74.125,18.687500000000004,7.075,0.125,5.612500000000002,96.70144246897014,5802.086548138209
27,calhoun,43.48,48.46,3.02,0.06000000000000001,2.78,0.08,17.84,26.5,27.72000000000001,12.48,0.72,1.16,1.64,2.46,23.18,80.92,12.14,6.88,0.08,6.3599999999999985,0.7992954927547834,47.957729565287
28,callahan,9.1,87.2,1.7333333333333332,0.06666666666666668,0.4,0.0,18.933333333333334,20.6,25.866666666666664,16.53333333333333,0.3,2.333333333333333,0.26666666666666666,2.433333333333333,22.2,71.16666666666667,16.900000000000002,9.466666666666667,2.433333333333333,5.4,0.0498960498960499,2.993762993762994
29,cameron,88.70357142857144,10.090476190476195,0.3511904761904764,0.04642857142857143,0.5619047619047617,0.0023809523809523807,36.22857142857143,50.38571428571427,25.564285714285717,25.75357142857143,0.9595238095238098,1.846428571428571,1.8976190476190469,2.301190476190476,19.58452380952381,73.80238095238096,16.994047619047617,9.038095238095238,0.16785714285714284,10.46547619047619,1.8072881084931032,108.43728650958619
30,camp,21.66666666666667,58.93333333333334,16.666666666666668,0.10000000000000002,0.3,0.0,18.933333333333334,27.3,22.03333333333333,19.1,0.9666666666666668,0.20000000000000004,0.26666666666666666,3.1,23.03333333333333,74.13333333333333,15.466666666666667,10.033333333333333,0.4333333333333333,8.766666666666667,0.10052356020942407,6.031413612565444
31,carson,9.3,87.3,0.85,0.7,0.3,0.25,6.75,8.7,35.75,9.9,0.25,0.7,0.0,3.3,20.15,71.15,18.8,10.1,0.0,1.35,0.4727954971857411,28.367729831144466
32,cass,3.6142857142857134,77.28571428571429,17.114285714285714,0.2428571428571429,0.4142857142857142,0.11428571428571427,20.042857142857144,30.228571428571428,20.842857142857138,18.814285714285713,0.4142857142857143,1.3571428571428572,1.9714285714285715,2.085714285714286,25.214285714285715,76.85714285714286,15.2,7.942857142857143,0.0,9.4,0.9662508076942194,57.97504846165317
33,chambers,19.2,66.28,10.72,0.36,1.44,0.02,14.04,12.86,30.14,12.52,0.0,1.24,1.86,1.72,30.28,76.66,17.119999999999994,6.08,0.12,9.12,0.4151476824641024,24.908860947846144
34,cherokee,21.79166666666667,58.80833333333334,17.391666666666666,0.075,0.4666666666666667,0.0,23.55,34.15,25.38333333333333,24.808333333333334,0.008333333333333333,1.8333333333333337,1.1083333333333334,1.35,24.558333333333334,71.85833333333333,21.941666666666666,5.983333333333333,0.19166666666666665,6.9,0.8091498063628796,48.54898838177277
35,childress,23.35,59.05,13.1,0.7,1.4,1.45,15.25,25.7,40.95,19.15,0.0,1.95,0.0,0.55,14.8,57.25,31.35,10.8,0.55,5.1,0.13652275379229872,8.191365227537924
36,clay,5.566666666666666,90.7,0.6,1.1666666666666667,0.4,0.0,12.466666666666667,14.066666666666668,28.66666666666667,19.0,0.0,2.1333333333333333,1.1333333333333333,3.966666666666667,25.23333333333333,72.39999999999998,17.433333333333334,10.0,0.16666666666666666,7.0,1.2037617554858937,72.22570532915363
37,coke,20.950000000000006,77.30000000000003,0.75,0.55,0.1,0.0,11.6,11.1,46.25,13.75,0.0,4.050000000000002,1.2999999999999998,5.45,22.3,58.6,31.6,9.85,0.0,3.1500000000000004,0.17336343115124153,10.401805869074492
38,coleman,16.4,78.56666666666666,1.9333333333333331,0.9666666666666668,1.6,0.0,20.33333333333333,33.43333333333333,26.366666666666664,18.166666666666668,0.1,1.8666666666666665,1.9666666666666668,3.0666666666666664,30.8,70.2,16.233333333333334,13.133333333333333,0.3666666666666667,7.933333333333334,0.10171287303549356,6.102772382129614
39,collin,14.838815789473689,60.51381578947369,8.676315789473685,0.3375,12.989473684210527,0.06315789473684211,7.651973684210525,9.63684210526316,52.51315789473682,11.953289473684206,1.040789473684211,0.8953947368421055,1.3407894736842108,8.026973684210526,27.7092105263158,84.00921052631578,9.751315789473681,6.06644736842105,0.16644736842105265,4.8723684210526335,0.3696659368981892,22.17995621389135
40,colorado,28.2,58.7,12.7,0.16,0.16,0.0,15.2,17.3,28.48,17.02,1.3199999999999998,1.64,0.16,1.7,21.42,72.97999999999998,17.04,9.080000000000002,0.92,3.98,0.3632577166232801,21.795462997396807
41,comal,26.929166666666664,68.88333333333334,1.7333333333333334,0.15,0.7708333333333336,0.012500000000000002,9.42083333333333,13.129166666666668,36.91666666666666,16.945833333333333,0.10416666666666667,1.1,1.3749999999999998,7.583333333333332,30.65,77.48333333333333,12.637500000000005,9.520833333333332,0.3541666666666667,4.954166666666667,0.5366029138437556,32.19617483062534
42,comanche,27.3,71.05,0.375,0.1,0.30000000000000004,0.0,23.075,39.85,26.375,15.125,0.0,2.85,1.0,3.5,22.95,72.875,14.425,12.15,0.5249999999999999,4.725,0.7054980947196516,42.3298856831791
43,coryell,17.34736842105263,61.563157894736825,13.915789473684207,0.431578947368421,1.7105263157894737,0.6736842105263159,17.12222222222222,27.155555555555548,25.889473684210525,24.97368421052632,0.5947368421052632,5.315789473684212,2.6263157894736846,2.8947368421052633,21.0,61.04736842105264,34.72105263157894,4.063157894736842,0.16842105263157894,9.105263157894736,70.14006354782879,4208.4038128697275
44,cottle,28.1,59.9,10.5,0.2,0.0,0.0,22.7,39.1,31.4,22.6,0.0,9.6,4.0,2.2,15.1,56.4,28.9,14.0,0.7,7.5,0.5423728813559322,32.54237288135593
45,crane,60.0,35.7,3.5,0.7,0.0,0.0,13.1,16.3,19.0,19.4,0.6,2.0,1.4,0.0,23.0,82.2,13.9,3.9,0.0,5.2,0.2880720180045011,17.284321080270068
46,crockett,61.8,36.7,0.3,0.0,0.0,0.0,17.5,30.4,21.6,17.5,0.0,3.5,0.0,1.6,21.1,77.4,16.3,6.2,0.2,1.8,0.2303078768492603,13.818472610955618
47,crosby,53.93333333333334,40.96666666666667,3.5,0.0,0.0,0.4666666666666666,22.73333333333333,34.93333333333333,28.566666666666666,19.0,0.0,2.966666666666667,3.9,1.4333333333333331,22.23333333333333,72.56666666666666,17.3,9.633333333333333,0.4666666666666666,9.500000000000002,28.84067796610169,1730.4406779661015
48,culberson,78.4,19.2,0.4,0.5,0.0,0.1,29.7,41.7,20.1,32.2,0.2,2.9,3.0,2.2,11.0,74.7,19.1,6.2,0.0,6.5,0.6301050175029171,37.80630105017503
49,dallam,34.1,61.7,0.75,1.2000000000000002,1.0,0.0,14.8,21.5,24.5,21.45,1.0,1.75,2.95,2.85,12.65,74.95,13.25,11.55,0.25,3.9,0.06315789473684211,3.7894736842105265
50,dallas,37.65180265654644,33.94990512333965,20.908349146110066,0.17077798861480076,5.423908918406067,0.044971537001897516,19.265654648956332,27.65502846299809,32.563757115749546,18.40151802656548,3.3519924098671723,1.5400379506641355,2.0521821631878545,4.144592030360533,26.29790874524713,84.10796963946859,9.136812144212524,6.595445920303611,0.16129032258064513,7.710815939278937,11.533158290357143,691.9894974214286
51,dawson,52.075,40.95,5.25,0.25,0.7500000000000001,0.025,17.1,18.175,22.225,18.15,0.275,1.75,1.75,2.6500000000000004,15.849999999999998,68.0,20.925,10.95,0.1,9.375,0.4280254777070064,25.681528662420384
52,dewitt,32.7,58.76000000000001,7.979999999999999,0.08,0.08,0.0,14.78,20.6,29.5,19.0,0.04,2.3200000000000003,1.3,4.32,23.04,72.52,17.439999999999998,9.8,0.24,6.4,0.2753931151721207,16.52358691032724
53,delta,7.0,80.0,9.35,0.4,0.8,0.0,24.35,42.4,33.05,14.9,0.0,3.4,1.75,2.25,29.75,73.15,16.45,10.4,0.0,14.3,0.07191245440333507,4.314747264200104
54,denton,19.159854014598533,60.83868613138689,8.790510948905109,0.2671532846715329,8.020437956204379,0.06934306569343067,9.726277372262773,11.747445255474455,43.99197080291971,14.778102189781015,1.0664233576642341,1.3751824817518246,1.3627737226277374,6.360583941605837,27.649635036496353,82.30583941605839,11.829927007299268,5.698540145985401,0.16277372262773726,5.577372262773722,1.1672356982404708,70.03414189442825
55,dickens,26.4,66.9,6.1,0.2,0.0,0.0,20.1,24.8,41.5,15.6,0.0,6.2,2.8,6.1,16.1,59.0,31.2,9.5,0.3,13.6,0.8517350157728707,51.10410094637224
56,donley,10.5,82.5,5.25,0.65,0.4,0.05,17.55,32.15000000000001,34.25,24.15,0.0,4.45,1.15,9.1,23.4,55.45,29.95,14.6,0.0,3.3000000000000003,0.3874439461883408,23.246636771300448
57,duval,88.06666666666668,10.4,0.8666666666666666,0.26666666666666666,0.4,0.0,23.4,35.26666666666666,18.1,24.33333333333333,0.0,5.7,1.9666666666666668,3.1,28.133333333333336,75.86666666666666,17.266666666666666,6.533333333333334,0.3666666666666667,10.633333333333333,1.7534246575342465,105.20547945205479
58,eastland,16.22,79.88000000000002,2.3,0.18,0.26,0.0,18.34,20.78,29.32,21.26,0.06,1.6800000000000002,0.8,3.22,19.96,76.53999999999998,14.4,8.32,0.74,4.54,0.318232044198895,19.0939226519337
59,ector,56.475000000000016,36.82857142857143,4.2785714285714285,0.29999999999999993,0.7607142857142856,0.0035714285714285718,13.603571428571431,17.15357142857143,22.75714285714286,15.87857142857143,0.5928571428571427,1.1178571428571429,0.5142857142857143,2.260714285714285,20.924999999999994,82.34285714285714,10.639285714285718,6.878571428571429,0.1392857142857143,5.117857142857141,0.4522743003408512,27.136458020451073
60,edwards,51.0,48.8,0.2,0.1,0.0,0.0,10.8,20.8,22.7,20.9,0.0,5.7,7.2,16.5,23.2,57.2,23.0,19.7,0.0,4.9,0.6189821182943603,37.13892709766162
61,ellis,25.00967741935484,63.906451612903226,8.632258064516131,0.27096774193548384,0.5451612903225808,0.029032258064516123,12.541935483870967,17.03870967741935,30.758064516129032,14.841935483870966,0.3451612903225807,0.5516129032258064,0.8290322580645161,4.96774193548387,28.554838709677423,78.57741935483871,13.9741935483871,7.390322580645161,0.05806451612903225,6.238709677419355,0.6689093908699619,40.13456345219772
62,erath,20.487500000000004,76.3125,1.075,0.4375,0.6124999999999999,0.0,23.1125,22.1875,29.15,18.3,0.2625,2.5875000000000004,1.2,3.8375,21.100000000000005,76.99999999999999,14.5,8.4875,0.025,4.3375,0.1970355906629981,11.822135439779887
63,falls,21.9,51.46666666666667,25.116666666666664,0.05000000000000001,0.23333333333333334,0.05,21.816666666666666,31.33333333333333,25.21666666666667,21.55,2.3833333333333333,2.8000000000000003,2.333333333333333,2.95,24.78333333333333,70.43333333333334,21.53333333333333,7.7666666666666675,0.25,7.466666666666666,0.0,0.0
64,fannin,9.322222222222225,80.93333333333331,6.322222222222222,0.2888888888888889,0.5666666666666668,0.04444444444444445,17.411111111111108,22.077777777777783,30.91111111111111,16.966666666666665,0.04444444444444445,1.2888888888888888,1.2888888888888888,5.033333333333334,29.711111111111123,73.35555555555554,19.366666666666667,7.155555555555557,0.1111111111111111,6.488888888888888,0.4238550627132491,25.431303762794943
65,fayette,16.514285714285716,76.0,6.9,0.028571428571428574,0.1,0.028571428571428574,11.214285714285712,13.742857142857144,24.07142857142857,16.685714285714287,0.17142857142857146,1.6428571428571428,1.0285714285714285,4.714285714285714,24.414285714285718,76.22857142857143,13.471428571428573,10.057142857142855,0.2857142857142857,2.228571428571429,1.9943315443526504,119.65989266115902
66,floyd,55.25,40.40000000000001,2.5,0.05,0.1,0.0,22.15,37.5,29.65,15.65,0.0,2.3,0.55,6.050000000000002,15.05,72.55,17.6,9.75,0.1,7.75,0.036272040302267,2.17632241813602
67,foard,11.6,84.5,2.9,0.0,0.9,0.0,9.8,6.3,31.8,13.5,0.0,1.6,0.0,1.8,18.0,60.8,24.9,13.5,0.9,9.7,0.1575492341356674,9.452954048140045
68,franklin,16.2,76.06666666666666,6.1000000000000005,0.3333333333333333,0.03333333333333333,0.13333333333333333,19.366666666666664,27.766666666666666,24.96666666666667,19.933333333333334,0.0,3.733333333333334,1.2,4.6,24.566666666666666,72.0,14.666666666666664,12.300000000000002,1.0333333333333332,7.099999999999999,0.3384750991626267,20.308505949757603
69,freestone,13.828571428571427,64.60000000000001,19.47142857142857,0.4142857142857143,0.15714285714285714,0.0,14.22857142857143,24.057142857142853,26.0,23.057142857142853,0.6,1.6714285714285713,0.9428571428571428,1.7571428571428571,24.342857142857145,73.54285714285716,19.6,6.7142857142857135,0.17142857142857146,5.1571428571428575,96.88022750083641,5812.813650050185
70,frio,77.2,17.3,4.466666666666667,0.0,0.4,0.0,23.0,32.1,17.333333333333332,28.73333333333333,0.13333333333333333,3.633333333333333,1.9,0.5,17.766666666666673,80.86666666666666,15.3,3.766666666666667,0.1,5.333333333333333,0.3764815245177783,22.588891471066695
71,gaines,46.76666666666667,50.0,1.8666666666666665,0.2333333333333333,0.5333333333333333,0.2,11.833333333333336,12.666666666666664,22.83333333333333,12.466666666666667,0.0,3.766666666666667,0.5,1.8666666666666665,16.166666666666668,75.43333333333334,14.0,10.6,0.0,4.5,0.09679587721263724,5.807752632758235
72,galveston,24.316666666666666,54.28030303030306,16.657575757575753,0.30454545454545456,2.787878787878788,0.009090909090909092,17.35151515151514,26.03939393939394,35.345454545454544,20.67727272727273,1.465151515151515,3.1742424242424248,3.4924242424242418,3.4530303030303022,25.21212121212121,74.24545454545455,19.09848484848485,6.468181818181818,0.19090909090909086,9.004545454545452,0.30706808564207344,18.424085138524408
73,garza,56.0,39.0,4.5,0.3,0.1,0.0,10.4,14.3,24.0,21.9,0.0,3.3,2.9,0.6,18.4,70.5,17.5,12.0,0.0,2.0,0.6460032626427407,38.76019575856444
74,gillespie,20.56,77.74,0.25999999999999995,0.02,0.14,0.0,10.919999999999998,17.419999999999998,35.120000000000005,20.4,0.48,2.76,2.4,4.5,20.42,73.56,11.38,14.7,0.4,6.38,0.7758620689655172,46.55172413793103
75,glasscock,34.1,65.9,0.0,0.0,0.0,0.0,3.4,0.0,44.1,5.0,0.0,2.6,1.2,9.3,21.0,68.5,17.0,14.4,0.0,2.5,0.9808429118773946,58.85057471264368
76,goliad,35.90000000000001,58.5,5.0,0.0,0.05,0.1,18.4,30.75,29.6,17.05,0.0,3.0,0.0,6.1,27.85,70.05,21.85,7.85,0.25,9.65,0.6771803154094623,40.63081892456774
77,gonzales,49.20000000000001,42.95,6.383333333333334,0.08333333333333333,0.1,0.0,20.933333333333334,28.816666666666666,21.91666666666667,17.933333333333334,2.1333333333333333,2.6,1.0333333333333332,4.166666666666667,21.05,77.88333333333334,13.299999999999995,8.4,0.45,6.366666666666667,0.5503685503685504,33.022113022113025
78,gray,30.985714285714288,61.542857142857144,4.085714285714286,0.7428571428571429,0.4,0.08571428571428573,15.114285714285714,18.37142857142857,21.428571428571427,16.614285714285714,0.0,1.1999999999999995,1.3714285714285714,0.7000000000000001,20.4,81.74285714285716,11.285714285714285,6.957142857142857,0.028571428571428574,6.142857142857142,0.1277515408628832,7.665092451772992
79,grayson,12.165384615384614,76.77692307692307,6.1692307692307695,1.311538461538461,1.0692307692307694,0.07692307692307694,16.876923076923074,22.157692307692308,29.753846153846172,19.380769230769232,0.3961538461538461,2.1499999999999995,1.4076923076923076,5.107692307692308,24.838461538461537,78.28076923076924,13.711538461538465,7.700000000000002,0.3038461538461539,8.338461538461537,0.4807887129055373,28.847322774332238
80,gregg,19.09583333333333,56.18333333333334,21.5625,0.3916666666666668,1.3375,0.225,19.33333333333333,26.91666666666667,25.79583333333333,18.470833333333328,0.5916666666666667,1.8791666666666664,1.5166666666666668,2.0791666666666666,19.695833333333336,85.60416666666664,9.275,5.045833333333333,0.1,6.5166666666666675,0.2741323824920301,16.447942949521806
81,grimes,21.283333333333328,60.46666666666667,15.966666666666667,0.3333333333333333,0.13333333333333333,0.0,22.566666666666666,27.816666666666666,21.88333333333333,19.55,0.0,3.8666666666666667,1.0833333333333333,2.433333333333333,29.6,73.51666666666667,18.633333333333333,7.783333333333334,0.06666666666666668,5.7333333333333325,70.9695,4258.17
82,guadalupe,36.39999999999999,52.89310344827586,6.389655172413794,0.2344827586206897,1.7379310344827583,0.006896551724137932,9.903448275862068,13.348275862068968,33.68275862068965,16.52068965517241,0.2448275862068965,0.7793103448275861,1.0310344827586206,3.7413793103448274,25.013793103448283,76.9655172413793,17.713793103448282,5.027586206896551,0.2793103448275862,5.56896551724138,0.5892619076475579,35.35571445885348
83,hale,57.711111111111094,36.00000000000001,4.355555555555555,0.06666666666666668,0.4111111111111112,0.0,22.777777777777782,33.73333333333333,23.511111111111113,21.33333333333333,0.4111111111111112,1.2333333333333334,1.3333333333333333,3.8222222222222215,16.466666666666665,76.28888888888888,16.133333333333336,7.4222222222222225,0.17777777777777778,7.900000000000001,0.4372770972243759,26.236625833462554
84,hall,34.1,57.7,7.1,0.0,0.3,0.0,26.9,39.9,20.6,23.9,0.2,3.3,2.5,1.4,16.0,70.9,15.0,10.1,4.0,11.5,0.19306184012066369,11.58371040723982
85,hamilton,11.2,86.5,0.9666666666666668,0.43333333333333335,0.2,0.03333333333333333,14.2,16.833333333333332,29.1,20.8,0.0,5.5,0.4666666666666667,3.766666666666667,21.8,72.13333333333334,18.33333333333333,7.833333333333332,1.6666666666666667,5.3,0.655012486621477,39.300749197288624
86,hansford,45.35,53.5,0.1,0.2,0.45,0.0,16.25,24.3,29.700000000000006,13.05,0.0,1.55,3.05,2.6,14.7,71.19999999999997,18.200000000000006,10.45,0.15,2.1,1.3289386947923534,79.7363216875412
87,harris,41.43727735368954,31.896437659033055,18.843256997455466,0.1834605597964376,6.1562340966921125,0.05547073791348599,19.01441326530612,26.681609195402288,32.91984732824431,18.160305343511453,3.3055979643765907,1.7300254452926225,2.108778625954195,3.34732824427481,27.4816560509554,83.47124681933839,9.802544529262093,6.582824427480911,0.14249363867684475,7.990330788804068,19.168278016233906,1150.0966809740344
88,harrison,13.564285714285711,61.90714285714285,22.57857142857143,0.24285714285714285,0.4999999999999999,0.0,18.092857142857145,26.014285714285727,31.000000000000004,15.95,0.1,0.8142857142857144,1.6285714285714286,3.414285714285714,21.042857142857144,80.92857142857143,13.485714285714286,5.471428571428571,0.10714285714285714,7.678571428571429,1.0183867558999649,61.10320535399789
89,hartley,25.6,63.6,8.4,0.0,0.1,0.0,6.4,9.3,38.6,15.4,0.0,2.7,1.2,5.4,12.7,72.1,15.1,12.4,0.4,2.1,0.27149321266968324,16.289592760180994
90,hays,33.59200000000001,60.08000000000001,3.032,0.25199999999999995,1.3199999999999996,0.06,19.452,21.264,37.368,18.284,0.944,2.4680000000000004,2.116,6.464,29.18,73.81199999999998,18.704,7.2600000000000025,0.228,6.691999999999998,0.5856930307252675,35.14158184351605
91,hemphill,33.0,64.0,1.0,0.4,0.3,0.0,12.3,22.2,28.9,16.6,0.0,2.4,0.7,3.8,17.6,71.1,16.4,12.5,0.0,3.7,0.7438468550592525,44.63081130355515
92,henderson,10.511764705882351,80.67058823529409,6.347058823529411,0.7941176470588234,0.511764705882353,0.1176470588235294,19.21764705882353,29.094117647058827,26.876470588235296,19.54117647058823,0.1176470588235294,1.3176470588235296,0.6705882352941177,3.8411764705882345,29.04705882352941,74.41764705882353,14.74705882352941,10.758823529411764,0.06470588235294117,7.952941176470588,0.796872237175583,47.81233423053498
93,hidalgo,90.66696428571429,7.658035714285713,0.4723214285714285,0.0580357142857143,0.926785714285714,0.0125,34.265178571428564,45.87499999999999,24.74642857142857,24.516964285714288,0.26875000000000004,1.3169642857142858,4.592857142857143,4.758928571428573,21.933035714285715,70.93124999999998,16.788392857142867,12.09375,0.19017857142857145,10.09375,0.8685446009389671,52.112676056338024
94,hill,22.536363636363635,67.90909090909089,8.09090909090909,0.2909090909090909,0.4636363636363636,0.0,22.62727272727273,34.07272727272728,23.25454545454545,19.690909090909084,0.12727272727272726,1.4363636363636365,1.7999999999999998,3.954545454545455,26.709090909090904,77.68181818181817,14.70909090909091,7.227272727272727,0.3545454545454545,8.318181818181818,1.1491653204092622,68.94991922455573
95,hockley,43.92857142857143,50.742857142857154,3.0571428571428574,0.4142857142857143,0.2857142857142857,0.014285714285714287,14.328571428571427,17.157142857142855,27.785714285714285,17.585714285714285,0.08571428571428573,2.4,0.6571428571428571,2.5857142857142854,21.228571428571428,75.62857142857142,16.12857142857143,7.914285714285714,0.32857142857142857,6.914285714285714,0.4824031806803122,28.94419084081873
96,hood,11.07,85.82999999999998,0.96,0.7799999999999999,0.4799999999999999,0.0,11.91,17.4,34.3,15.779999999999998,0.1,1.59,0.8400000000000001,5.83,31.98,78.41999999999999,10.69,10.38,0.51,5.13,0.25699130911173645,15.419478546704187
97,houston,10.0,61.74285714285713,26.08571428571429,0.15714285714285714,0.11428571428571427,0.0,24.500000000000004,37.60000000000001,24.42857142857143,21.842857142857145,0.07142857142857142,1.6428571428571426,1.0857142857142856,5.885714285714287,25.942857142857147,67.52857142857142,23.02857142857143,8.942857142857145,0.4857142857142857,6.914285714285716,1.3090909090909093,78.54545454545456
98,howard,38.73,53.66,4.58,0.6,0.8200000000000001,0.33,16.6,22.26,26.69,22.52,0.23,1.86,0.8700000000000001,1.89,17.78,72.0,22.94,4.99,0.08,6.5,0.09802876931273308,5.881726158763985
99,hudspeth,78.4,19.3,1.1,0.0,0.8,0.0,40.3,63.8,24.0,30.4,0.0,1.5,4.0,10.6,22.9,57.6,33.0,9.3,0.1,5.7,0.646551724137931,38.793103448275865
100,hutchinson,25.97142857142857,67.62857142857143,2.885714285714286,1.0142857142857145,0.5285714285714286,0.05714285714285715,19.81428571428572,26.4,22.657142857142855,17.62857142857143,0.32857142857142857,1.9,0.9285714285714286,2.3285714285714287,17.985714285714284,81.47142857142856,12.142857142857144,6.1571428571428575,0.2428571428571429,4.857142857142857,0.270042194092827,16.202531645569618
101,irion,25.1,71.7,0.0,0.0,0.0,0.0,11.6,19.9,36.8,12.3,0.4,4.4,1.1,13.8,22.9,57.9,21.1,18.5,2.5,4.4,0.1004566210045662,6.027397260273972
102,jack,15.866666666666665,78.26666666666667,5.133333333333334,0.3,0.03333333333333333,0.0,16.566666666666666,29.0,24.3,14.266666666666666,0.0,1.7666666666666666,0.9666666666666668,4.433333333333334,28.23333333333333,74.5,15.133333333333333,9.4,0.9666666666666668,5.633333333333333,0.132309509746013,7.93857058476078
103,jackson,31.2,59.36666666666667,8.066666666666666,0.0,0.2333333333333333,0.06666666666666668,12.733333333333334,15.966666666666667,26.266666666666666,15.2,1.0,0.9666666666666668,0.3,6.333333333333332,24.66666666666667,75.66666666666667,13.5,9.7,1.1666666666666667,5.3,0.2547670532730489,15.286023196382933
104,jefferson,19.041666666666664,38.02916666666668,37.362500000000026,0.1986111111111111,3.8541666666666665,0.03888888888888889,21.904347826086955,29.563768115942022,25.54347826086957,21.27246376811595,0.9347826086956522,1.2594202898550724,1.5376811594202895,1.3666666666666665,19.721739130434784,82.431884057971,13.28695652173913,4.197101449275363,0.08260869565217391,10.091304347826087,0.7090338669455394,42.542032016732364
105,johnson,20.26428571428572,73.79285714285716,2.650000000000001,0.4678571428571429,0.7142857142857144,0.4678571428571429,12.974999999999996,18.396428571428565,30.164285714285718,14.907142857142858,0.22857142857142854,1.2464285714285717,1.182142857142857,4.0178571428571415,29.689285714285713,81.11785714285716,13.085714285714285,5.610714285714286,0.18214285714285716,7.4678571428571425,0.5491719863077066,32.950319178462394
106,jones,24.216666666666665,64.66666666666667,8.833333333333334,0.4000000000000001,0.13333333333333333,0.0,18.76,25.360000000000007,29.04,19.7,0.0,1.48,1.6,2.9,21.42,68.49999999999999,21.06,9.92,0.4800000000000001,3.96,0.4014636696288552,24.087820177731313
107,karnes,49.35,45.15,5.05,0.05,0.15,0.0,22.125,36.27500000000001,28.475,17.775,0.25,1.925,1.175,2.575,25.5,68.22500000000001,23.15,8.075,0.5750000000000001,6.125,0.8950563746747615,53.70338248048569
108,kaufman,21.03333333333334,65.64444444444446,9.822222222222221,0.4222222222222222,0.7555555555555555,0.2388888888888889,15.883333333333335,21.844444444444452,30.922222222222214,16.76111111111111,0.6555555555555556,0.7055555555555556,1.2166666666666668,2.9166666666666665,32.29444444444445,77.81111111111113,16.083333333333332,6.044444444444445,0.05555555555555555,9.08888888888889,0.5960863845647885,35.76518307388731
109,kendall,22.05,75.15,0.6666666666666666,0.03333333333333333,0.65,0.03333333333333333,7.7333333333333325,12.666666666666664,45.53333333333333,16.733333333333334,0.2333333333333333,2.15,1.3166666666666669,7.75,29.26666666666667,74.06666666666666,15.216666666666667,10.716666666666667,0.0,4.583333333333333,0.21517353800176595,12.910412280105957
110,kenedy,66.2,33.6,0.0,0.0,0.2,0.0,26.7,39.3,24.9,34.1,0.0,5.4,0.0,0.0,16.6,51.9,48.1,0.0,0.0,0.0,2.7781350482315115,166.6881028938907
111,kent,17.9,81.5,0.2,0.4,0.0,0.0,9.6,24.8,39.7,16.3,0.0,13.5,1.8,3.6,9.7,49.7,38.9,10.1,1.3,1.5,1.9558573853989811,117.35144312393886
112,kerr,26.04,70.08000000000001,1.3299999999999998,0.26,1.0,0.05,15.48,20.83,31.85,22.47,0.06,1.29,1.01,5.45,20.39,72.98999999999998,16.21,10.7,0.08,8.15,0.9540571706014443,57.24343023608666
113,kimble,24.450000000000006,74.69999999999997,0.0,0.25,0.0,0.0,21.1,25.75,29.7,16.5,0.0,1.6,2.45,3.1,17.9,68.1,18.05,13.25,0.65,7.6,0.3327556325823224,19.965337954939343
114,king,24.7,75.3,0.0,0.0,0.0,0.0,7.1,10.5,34.3,10.2,0.0,7.8,0.0,3.6,11.6,72.9,21.1,6.0,0.0,5.1,2.1818181818181817,130.9090909090909
115,kleberg,71.82000000000002,21.98,3.54,0.08,1.92,0.0,26.1,32.14,29.76,23.82,0.0,6.200000000000001,1.8400000000000003,2.02,18.1,70.74000000000002,24.64,4.4,0.22000000000000006,11.459999999999996,0.7627845595513032,45.76707357307819
116,knox,32.75,60.45,6.5,0.1,0.1,0.0,16.2,24.7,27.45,16.799999999999994,0.0,2.55,2.2,1.6,17.45,67.05000000000001,25.3,6.9,0.75,6.6,0.13284132841328414,7.970479704797048
117,lamar,6.7333333333333325,72.80833333333331,14.941666666666668,0.3999999999999999,0.7916666666666666,0.2,21.108333333333327,31.25,25.29166666666666,20.250000000000004,0.016666666666666666,2.083333333333333,2.983333333333334,3.041666666666666,18.258333333333333,80.48333333333333,13.0,6.3,0.2333333333333333,8.116666666666669,1.1006946786268297,66.04168071760978
118,lamb,53.67999999999999,41.74,3.64,0.24000000000000005,0.16,0.0,22.38,33.6,30.76,14.64,0.0,3.56,2.28,4.08,15.46,74.55999999999997,15.06,10.26,0.1,5.700000000000001,0.3213020081375509,19.27812048825305
119,lampasas,19.58,73.5,3.38,0.16,0.96,0.06,15.920000000000002,24.12,31.040000000000006,20.92,0.15999999999999998,2.98,3.08,2.8600000000000003,27.360000000000007,66.18,26.22,7.58,0.0,8.559999999999999,0.11498332032081765,6.898999219249059
120,lavaca,18.666666666666668,73.55,6.8,0.016666666666666666,0.35000000000000003,0.0,9.15,10.733333333333333,31.91666666666666,14.633333333333335,0.4,1.7833333333333332,0.9166666666666666,4.416666666666667,25.75,73.73333333333333,14.250000000000002,11.966666666666667,0.06666666666666668,3.9,1.1534279673814558,69.20567804288734
121,lee,20.9,66.325,11.3,0.0,0.55,0.0,13.4,16.175,25.075000000000006,22.2,0.1,2.3,0.925,3.5,25.575000000000006,74.475,16.425,8.6,0.475,4.725,0.35817468669281544,21.490481201568926
122,leon,12.533333333333333,78.43333333333334,7.2666666666666675,0.3333333333333333,0.4,0.0,13.933333333333332,23.866666666666664,31.26666666666667,13.8,0.13333333333333333,3.266666666666667,1.366666666666667,5.366666666666667,27.2,69.66666666666667,13.633333333333333,16.400000000000002,0.3666666666666667,7.633333333333333,1.225280143433438,73.51680860600628
123,limestone,21.525,58.21249999999999,18.5625,0.2375,0.575,0.05,23.1625,39.625,27.8125,23.65,0.025,1.7625000000000002,1.0375,3.85,20.7125,62.0625,27.6,10.3,0.025,7.3,1.38236884802596,82.9421308815576
124,lipscomb,26.75,69.35,0.25,0.95,0.7,0.0,9.15,10.6,32.7,9.95,0.25,2.15,4.8,1.95,20.65,71.6,15.5,12.45,0.5,5.050000000000002,0.3857358111501758,23.144148669010548
125,llano,7.95,89.89999999999998,1.5333333333333332,0.1,0.13333333333333333,0.0,13.266666666666667,18.25,33.96666666666666,18.616666666666667,0.0,3.5,1.6666666666666667,12.2,24.616666666666664,71.58333333333334,12.2,15.966666666666667,0.2333333333333333,5.766666666666667,0.2881097560975609,17.286585365853654
126,lubbock,33.39253731343284,55.73432835820896,6.986567164179103,0.2731343283582089,1.870149253731344,0.037313432835820885,21.337313432835828,26.93134328358209,33.505970149253734,21.143283582089555,0.946268656716418,2.4104477611940305,1.6641791044776124,2.9761194029850753,16.616417910447765,76.59999999999998,16.646268656716426,6.5343283582089535,0.23432835820895526,6.628358208955223,0.5674330894715318,34.04598536829191
127,lynn,47.96666666666666,49.16666666666666,0.9333333333333332,1.2333333333333334,0.3,0.06666666666666668,19.566666666666666,31.66666666666667,29.33333333333333,16.133333333333336,0.16666666666666666,3.5,0.0,5.1,20.733333333333327,65.66666666666667,21.266666666666666,13.1,0.0,10.433333333333332,0.7394094993581515,44.36456996148909
128,madison,17.525,67.0,13.15,0.15000000000000002,0.175,0.1,16.275,23.575000000000006,28.450000000000006,19.725,0.0,6.525,1.775,3.125,24.8,64.975,21.95,12.175,0.875,4.825,0.19726027397260276,11.835616438356166
129,marion,3.95,70.2,23.75,0.225,1.45,0.0,22.1,35.2,26.775,21.925,0.35,3.725,1.7999999999999998,5.6000000000000005,28.875,78.5,15.3,6.025,0.125,7.875,0.6480199390750485,38.88119634450291
130,martin,39.35,57.95,1.65,0.4,0.0,0.35,12.15,14.6,26.85,18.200000000000006,0.0,3.75,1.4,4.9,17.700000000000006,75.0,12.6,12.4,0.0,2.7,0.4648017214878574,27.888103289271445
131,mason,24.85,71.4,0.05,0.55,3.15,0.0,14.5,21.15,23.700000000000006,22.15,0.0,3.95,1.65,5.5,20.55,66.4,11.65,21.450000000000006,0.55,6.8500000000000005,0.16238159675236807,9.742895805142084
132,matagorda,36.15999999999999,48.28,11.79,0.47,1.54,0.18,20.36,31.87,23.779999999999994,18.83,0.52,2.73,0.78,2.01,22.97,77.22999999999998,15.13,7.639999999999999,0.0,6.06,0.9871664666235804,59.229987997414824
133,maverick,95.15555555555555,3.3777777777777778,0.1111111111111111,0.7444444444444444,0.4666666666666667,0.011111111111111113,27.45555555555556,37.42222222222222,20.25555555555556,27.93333333333333,0.5666666666666668,2.766666666666667,2.3666666666666667,1.1777777777777776,20.94444444444445,71.46666666666667,22.577777777777783,5.922222222222223,0.05555555555555555,13.344444444444445,0.36814159292035403,22.08849557522124
134,mcculloch,27.133333333333336,69.33333333333333,0.8666666666666667,0.1,0.0,0.0,14.533333333333333,19.83333333333333,29.6,19.5,0.0,3.566666666666667,0.06666666666666668,3.233333333333333,17.933333333333334,68.39999999999999,17.733333333333334,13.233333333333334,0.6666666666666666,5.266666666666667,0.5341812400635929,32.05087440381558
135,mclennan,25.541999999999994,56.04600000000001,15.262000000000002,0.15200000000000002,1.372,0.014000000000000002,23.63673469387755,30.06122448979593,29.95600000000001,19.768,0.52,2.7540000000000004,0.8859999999999999,3.124,18.422,80.916,13.55,5.412000000000001,0.11800000000000001,6.942000000000002,0.5683798477709315,34.102790866255894
136,mcmullen,48.1,50.4,0.0,1.5,0.0,0.0,11.8,11.3,25.9,22.2,6.4,4.4,2.7,4.4,11.8,60.5,25.6,12.7,1.2,14.1,0.8384279475982532,50.30567685589519
137,medina,49.7,47.0125,1.6124999999999998,0.4125,0.2375,0.0375,15.4,20.825,30.7875,20.15,0.1375,1.8375,0.8999999999999999,3.075,29.0,71.325,19.25,9.2875,0.1375,6.2625,0.09330963564808938,5.598578138885363
138,menard,36.8,58.8,1.2,0.5,0.0,0.0,14.9,21.2,28.6,23.7,0.0,3.5,0.3,5.1,17.5,52.9,24.6,21.0,1.5,8.3,0.325678496868476,19.54070981210856
139,midland,42.02307692307693,48.6576923076923,6.003846153846156,0.3384615384615384,1.5230769230769234,0.09230769230769233,9.403846153846152,11.476923076923075,30.9,14.838461538461539,0.2807692307692307,1.1076923076923078,1.696153846153846,2.226923076923077,18.984615384615385,81.20769230769231,11.288461538461537,7.261538461538461,0.2307692307692308,3.765384615384616,0.2808909065115619,16.853454390693713
140,milam,23.800000000000004,64.95714285714284,8.157142857142857,0.12857142857142856,0.4857142857142858,0.0,16.942857142857143,25.557142857142853,30.185714285714287,16.614285714285714,0.18571428571428567,1.0,2.257142857142857,4.957142857142856,25.800000000000004,66.5,22.6,10.314285714285717,0.5714285714285714,8.985714285714286,0.2585684465692546,15.514106794155275
141,mills,15.8,83.5,0.35,0.0,0.05,0.0,15.1,25.85,32.95,14.25,0.0,2.8,0.7,5.0,19.700000000000006,69.2,20.4,10.2,0.2,3.4,0.5217391304347826,31.304347826086957
142,mitchell,34.6,56.75,7.1,0.25,0.3,0.0,12.5,16.3,28.950000000000006,21.5,0.45,0.6000000000000001,0.55,4.05,23.0,62.3,27.75,9.45,0.5,4.85,66.39527248850952,3983.7163493105713
143,montague,9.5,87.64999999999998,0.21666666666666667,0.25,0.3333333333333333,0.0,14.65,21.28333333333333,29.43333333333333,16.3,0.0,2.0666666666666664,0.6333333333333333,6.45,25.05,75.01666666666667,14.066666666666668,10.516666666666666,0.4333333333333333,6.566666666666666,0.2614175678829845,15.685054072979069
144,montgomery,22.961016949152548,68.11186440677965,3.672881355932204,0.30338983050847457,2.2694915254237293,0.013559322033898306,13.032203389830508,18.269491525423728,37.09661016949154,16.73728813559322,1.2254237288135594,1.0627118644067797,1.347457627118644,4.810169491525423,32.50169491525424,79.75254237288135,11.683050847457626,8.455932203389832,0.09491525423728817,6.1627118644067815,2.1949556918882074,131.69734151329243
145,moore,51.45,37.35,2.25,0.375,7.5,0.0,19.4,29.9,20.775,15.35,0.4,1.45,2.025,1.575,16.875,81.7,12.025000000000002,5.95,0.35000000000000003,4.075,0.1461467608228431,8.768805649370586
146,nacogdoches,17.346153846153847,58.969230769230776,20.5,0.3923076923076923,1.553846153846154,0.0,26.415384615384607,31.546153846153842,31.115384615384613,18.884615384615387,0.15384615384615388,4.115384615384616,1.7692307692307692,2.7230769230769236,19.884615384615387,73.56153846153846,18.9,7.40769230769231,0.1,9.153846153846157,0.3749898629470441,22.499391776822648
147,navarro,24.66,59.44,12.96,0.29000000000000004,0.8099999999999999,0.54,21.520000000000003,32.46,25.78,20.19,0.06,1.7900000000000005,1.2599999999999998,3.4,24.63,74.16,17.6,8.07,0.18000000000000002,10.29,0.6711644003215996,40.26986401929598
148,newton,3.5250000000000004,72.9,21.95,0.425,0.45,0.0,11.725,15.55,20.775,23.4,0.0,0.075,3.85,1.125,37.1,78.725,17.35,3.925,0.0,12.625,1.240043057050592,74.40258342303552
149,nolan,34.239999999999995,59.84,4.0600000000000005,0.18,0.34,0.0,20.9,29.14,24.28,24.880000000000006,0.2,2.6,3.12,1.7,16.52,76.3,16.740000000000002,6.68,0.24,7.0200000000000005,0.4055068836045057,24.33041301627034
150,nueces,62.36296296296295,30.47901234567901,4.214814814814817,0.2049382716049383,1.6876543209876542,0.08271604938271605,17.706250000000004,25.77721518987341,27.28395061728395,22.206172839506177,2.0197530864197537,2.508641975308642,2.343209876543209,2.1543209876543212,19.643750000000004,76.87283950617285,16.12345679012345,6.820987654320986,0.191358024691358,7.023456790123457,1.8767251485031475,112.60350891018885
151,ochiltree,44.56666666666667,52.46666666666667,0.2333333333333333,0.8999999999999999,0.6,0.0,12.833333333333336,14.133333333333333,25.43333333333333,19.0,0.0,2.2666666666666666,0.7333333333333334,2.9000000000000004,16.466666666666665,77.0,11.7,10.666666666666666,0.6666666666666666,5.8,0.16561242093156986,9.936745255894191
152,oldham,14.4,72.2,6.1,0.5,0.5,0.0,13.1,17.6,39.2,19.3,0.0,3.9,1.0,5.2,17.6,73.2,20.1,6.7,0.0,7.4,0.6789250353606789,40.735502121640735
153,orange,6.8761904761904775,80.87142857142858,9.047619047619047,0.4428571428571429,0.9190476190476192,0.028571428571428574,15.776190476190473,20.904761904761912,27.91904761904762,16.347619047619045,0.07619047619047617,1.3857142857142857,1.5,1.914285714285714,23.319047619047623,81.63809523809525,13.085714285714285,5.161904761904762,0.10476190476190476,8.795238095238094,1.0338225909380985,62.029355456285906
154,panola,8.299999999999999,76.61666666666666,14.199999999999998,0.0,0.3666666666666667,0.08333333333333333,14.85,21.96666666666667,22.133333333333336,15.983333333333334,0.3833333333333333,0.7333333333333334,0.5166666666666666,2.4833333333333334,27.633333333333336,81.14999999999998,11.35,7.5166666666666675,0.0,5.433333333333333,0.7928257686676428,47.56954612005857
155,parker,11.85263157894737,83.87368421052629,1.7947368421052632,0.5789473684210528,0.6263157894736843,0.036842105263157884,10.831578947368422,15.389473684210525,35.60526315789474,14.994736842105262,0.17368421052631575,1.1263157894736842,1.2421052631578946,3.8736842105263154,32.242105263157896,76.25263157894737,15.557894736842105,8.005263157894738,0.1947368421052632,6.4684210526315775,0.7904733192643956,47.42839915586374
156,parmer,62.15000000000001,35.95,1.6,0.2,0.0,0.05,17.35,27.8,23.8,14.05,1.1,3.3,1.7000000000000002,3.5,15.9,77.8,12.4,9.25,0.55,3.6,0.4703185881274353,28.21911528764612
157,pecos,69.375,26.25,3.275,0.5,0.15,0.05,11.7,12.45,19.35,18.1,0.4,2.325,0.675,1.625,17.924999999999994,68.77499999999999,23.95,6.325,0.925,4.424999999999999,0.31521342575702305,18.91280554542138
158,polk,12.79,73.24000000000002,10.23,1.3,0.64,0.04,17.06,26.69,25.92,21.85,0.4699999999999999,2.59,2.95,4.0699999999999985,27.65,68.99,20.779999999999994,9.88,0.36,9.53,0.7739175738298281,46.43505442978969
159,potter,36.28181818181818,48.06969696969696,9.690909090909091,0.3151515151515152,3.248484848484848,0.17575757575757575,22.75151515151515,30.112121212121213,24.33636363636364,23.7060606060606,1.2696969696969695,1.987878787878788,1.4848484848484849,2.678787878787879,17.966666666666672,80.43333333333334,12.84848484848485,6.5181818181818185,0.20606060606060608,5.639393939393939,0.2793253946872137,16.75952368123282
160,presidio,76.44999999999997,19.55,0.0,0.3,3.65,0.0,20.45,31.4,34.8,26.35,1.6,9.85,3.1,12.4,14.7,55.85,31.25,12.45,0.45,9.75,0.171990171990172,10.31941031941032
161,rains,8.55,85.55000000000003,2.45,0.75,0.6,0.0,11.3,18.45,27.7,15.4,0.0,2.1,1.2999999999999998,3.65,37.3,76.55000000000003,14.7,8.649999999999999,0.05,7.9,0.4006259780907668,24.037558685446008
162,randall,18.90689655172414,74.36206896551724,2.9068965517241385,0.3931034482758621,1.4103448275862072,0.04482758620689655,10.679310344827588,14.527586206896553,36.36896551724137,17.775862068965516,0.4068965517241379,1.2275862068965515,0.7000000000000001,2.717241379310345,18.700000000000006,75.79999999999998,17.206896551724142,6.948275862068965,0.04482758620689655,3.8517241379310345,0.2062715863625483,12.376295181752898
163,reagan,67.0,30.9,1.7,0.0,0.0,0.0,15.5,22.0,20.1,10.3,0.0,2.6,1.2,1.3,16.6,70.0,18.7,11.1,0.2,2.2,0.20790471034109367,12.47428262046562
164,real,20.1,79.5,0.2,0.0,0.0,0.0,16.6,26.6,33.7,24.2,0.0,8.0,6.1,15.7,18.9,61.8,20.5,17.7,0.0,12.0,22.05405405405405,1323.243243243243
165,reeves,74.08,21.4,3.0,0.24,0.6,0.0,19.04,25.520000000000003,23.78,25.559999999999995,0.0,1.6800000000000002,1.54,3.76,17.3,68.05999999999999,27.72,4.22,0.0,7.1,90.24460431654677,5414.676258992806
166,refugio,49.25,42.95,5.9,0.1,0.1,0.0,16.950000000000006,25.4,23.15,24.1,0.0,4.2,1.1,2.4,23.4,75.25,13.95,9.65,1.25,6.65,1.2366134572640937,74.19680743584561
167,roberts,2.8,95.5,0.0,0.1,0.5,0.0,1.5,1.4,40.2,14.9,0.0,1.5,0.0,5.7,18.5,59.1,23.2,17.7,0.0,1.9,0.25263157894736843,15.157894736842106
168,robertson,16.080000000000002,59.54,21.8,0.2,0.36,0.16,19.7,25.48,28.58,18.88,0.0,3.94,0.5,2.88,25.82,70.28,21.8,7.88,0.06,10.560000000000002,0.6101694915254238,36.610169491525426
169,rockwall,16.309090909090912,73.41818181818181,4.8090909090909095,0.2363636363636364,2.5636363636363635,0.13636363636363635,6.1818181818181825,7.290909090909093,45.98181818181818,12.19090909090909,0.490909090909091,0.3909090909090909,1.4272727272727268,5.890909090909092,31.95454545454545,77.30909090909091,15.70909090909091,6.799999999999998,0.19090909090909086,5.581818181818181,0.32125984251968503,19.275590551181104
170,runnels,31.625,65.05,1.4,0.4,1.1749999999999998,0.0,17.900000000000006,21.575,30.8,14.15,0.0,1.525,0.725,4.2,18.925,65.9,19.775,13.875,0.45,3.05,0.3151768392777197,18.910610356663184
171,rusk,15.553846153846154,65.17692307692309,17.03846153846154,0.5538461538461539,0.5923076923076924,0.0,17.03846153846154,24.93076923076923,24.238461538461536,18.323076923076922,0.2846153846153846,1.5769230769230769,0.8846153846153846,4.13076923076923,25.430769230769233,78.94615384615385,13.099999999999996,7.823076923076924,0.14615384615384613,4.538461538461538,0.23018638703283356,13.811183221970014
172,sabine,3.3000000000000003,87.53333333333335,8.200000000000001,0.0,0.1,0.0,27.46666666666667,53.9,27.500000000000004,21.0,0.2,2.066666666666667,1.6,7.866666666666666,31.766666666666666,76.26666666666667,17.099999999999998,6.633333333333333,0.0,13.066666666666665,0.3329907502569373,19.97944501541624
173,schleicher,50.5,49.1,0.1,0.0,0.2,0.0,19.5,29.4,30.8,15.1,0.7,0.3,2.3,6.0,25.2,67.4,23.5,9.1,0.0,4.1,0.3822525597269625,22.935153583617748
174,scurry,39.125,55.425,3.775,0.15,0.3,0.0,9.45,10.825,23.5,19.45,1.275,1.325,0.775,3.075,16.825,78.975,14.3,6.525,0.2,2.725,0.463848365456288,27.83090192737728
175,shackelford,10.8,88.3,0.1,0.0,0.0,0.0,19.1,19.6,31.5,18.0,0.0,2.7,3.6,1.7,16.9,74.0,13.4,12.3,0.3,3.8,0.3950406156477127,23.70243693886276
176,shelby,15.433333333333332,66.76666666666667,16.299999999999994,0.016666666666666666,0.7666666666666666,0.16666666666666666,21.616666666666664,34.05,27.45,16.333333333333332,0.8333333333333334,1.9833333333333332,1.0166666666666668,4.383333333333334,25.95,75.31666666666666,16.533333333333335,7.983333333333333,0.15,7.383333333333334,0.4656503662641061,27.939021975846366
177,smith,19.880000000000006,57.53499999999999,19.7,0.325,1.4474999999999998,0.075,18.6075,25.24,32.55,18.665,0.3425,1.5150000000000003,2.7299999999999995,2.9750000000000005,22.1525,81.43250000000002,12.225,6.2475,0.1225,7.4049999999999985,0.5222496045904292,31.334976275425753
178,somervell,18.25,80.55,0.4,0.15,0.0,0.25,12.4,13.9,35.0,16.4,0.35,0.75,0.25,2.4,25.450000000000006,74.6,18.200000000000006,6.5,0.7,3.75,0.10422582261566728,6.253549356940036
179,starr,98.52666666666666,1.1066666666666665,0.04,0.0,0.10666666666666667,0.0,35.34,43.43333333333333,21.326666666666664,30.566666666666666,0.4733333333333333,4.1866666666666665,1.4533333333333334,4.293333333333334,23.13333333333333,67.10666666666665,23.553333333333335,8.793333333333333,0.56,13.8,0.11597704620960435,6.958622772576261
180,stephens,23.2,72.60000000000002,2.766666666666667,0.6,0.43333333333333335,0.0,21.5,28.83333333333333,28.866666666666664,16.533333333333335,0.9,2.6,2.3,1.6333333333333335,19.066666666666666,71.10000000000002,16.066666666666666,12.866666666666667,0.0,4.233333333333333,0.0955137481910275,5.7308248914616495
181,sterling,45.8,52.5,0.2,0.0,0.0,0.0,16.0,29.9,30.7,13.9,0.0,2.8,2.6,14.3,19.5,64.5,20.9,14.6,0.0,0.3,0.6104046242774567,36.6242774566474
182,stonewall,20.2,75.5,3.7,0.0,0.0,0.0,19.5,30.7,34.9,19.9,0.0,3.7,0.0,2.2,17.9,55.3,29.3,13.6,1.8,6.9,0.050156739811912224,3.0094043887147333
183,sutton,58.8,39.9,0.1,0.0,0.0,0.7,8.4,9.9,25.8,14.6,0.0,1.7,1.0,5.4,16.8,76.5,14.6,8.6,0.3,4.3,0.15502624142107388,9.301574485264434
184,swisher,39.2,51.76666666666667,5.833333333333332,0.3333333333333333,0.5666666666666667,0.0,19.3,28.83333333333333,29.9,14.9,0.0,1.6333333333333335,1.4666666666666666,4.066666666666666,22.366666666666664,78.50000000000001,12.2,9.266666666666667,0.0,6.599999999999999,0.15753597576369605,9.452158545821764
185,tarrant,28.504213483146078,49.39634831460676,15.321348314606748,0.303370786516854,4.346629213483149,0.16966292134831462,16.656179775280894,22.817134831460677,34.130056179775266,16.924999999999983,0.7662921348314609,1.3137640449438197,1.5426966292134825,3.8941011235955054,25.8758426966292,83.175,11.077808988764048,5.634831460674151,0.11095505617977526,7.404775280898873,8.02630975844525,481.57858550671494
186,taylor,26.57297297297297,62.272972972972966,7.378378378378378,0.3675675675675675,1.6324324324324324,0.016216216216216217,21.30810810810811,23.685714285714287,27.635135135135137,22.35405405405405,0.7297297297297298,2.7540540540540546,1.6702702702702703,2.613513513513514,15.386111111111115,75.3837837837838,18.783783783783786,5.648648648648647,0.1972972972972973,7.037837837837839,0.3503037712546314,21.018226275277886
187,terrell,68.0,27.8,1.6,0.8,1.8,0.0,20.2,25.9,20.0,30.6,0.0,5.8,4.1,6.5,18.6,49.4,32.8,16.4,1.4,3.7,0.069164265129683,4.14985590778098
188,terry,52.93333333333334,40.766666666666666,5.0,0.3333333333333333,0.06666666666666668,0.0,16.933333333333334,20.433333333333334,30.2,18.2,0.0,1.3333333333333333,1.1333333333333335,2.333333333333333,19.6,72.36666666666666,18.4,9.066666666666666,0.16666666666666666,6.0,0.2518363064008394,15.110178384050366
189,throckmorton,12.7,84.4,0.2,0.0,0.5,0.0,13.1,21.2,30.5,17.1,0.2,0.0,0.9,9.7,25.6,67.5,16.2,16.3,0.0,2.6,0.4709730171708912,28.25838103025347
190,titus,43.325,42.75,11.9875,0.475,0.5875,0.0,21.225,29.562500000000004,21.3875,14.6875,0.6,1.0625,2.1625,1.9,17.724999999999994,82.425,11.1125,6.4,0.07500000000000001,7.7375,0.8032411484939228,48.19446890963537
191,travis,32.68617511520739,51.70737327188941,7.718433179723502,0.17235023041474665,5.378341013824888,0.06774193548387096,17.39769585253456,23.16744186046511,45.864516129032246,16.99124423963134,3.8188940092165895,2.6170506912442404,3.0350230414746533,7.456682027649769,24.456944444444442,76.11889400921659,15.818433179723511,7.902304147465436,0.16221198156682026,6.067281105990782,1.9040765802937776,114.24459481762665
192,trinity,9.26,79.16,10.38,0.4600000000000001,0.16,0.0,16.68,24.64,23.98,27.4,0.5,2.18,2.1,6.0200000000000005,33.480000000000004,69.12,17.44,12.2,1.22,9.26,1.341953520880657,80.51721125283942
193,tyler,6.6,81.64000000000001,9.5,0.34,0.2,0.0,16.86,22.6,25.04,22.94,0.04,1.52,3.6800000000000006,3.94,33.46,72.32,22.24,5.12,0.36,10.580000000000002,0.7962414166967835,47.77448500180701
194,upshur,7.542857142857143,80.15714285714284,9.642857142857142,0.4428571428571429,0.5571428571428572,0.0,13.528571428571427,19.928571428571427,26.614285714285714,20.057142857142857,0.31428571428571433,1.1571428571428568,0.6714285714285715,3.8428571428571434,26.74285714285714,79.02857142857144,12.628571428571426,8.171428571428573,0.15714285714285714,7.957142857142856,0.4254577157802965,25.527462946817792
195,upton,45.75,49.7,3.75,0.0,0.0,0.0,16.0,16.3,24.450000000000006,16.25,0.0,3.1500000000000004,1.75,3.55,16.95,73.35,19.5,7.2,0.0,4.300000000000002,22.88,1372.8
196,uvalde,68.88,29.26,0.22000000000000006,0.4,1.06,0.04,19.52,28.860000000000007,29.340000000000003,22.76,0.1,1.2,0.8800000000000001,3.5400000000000005,18.9,64.38,25.54,10.080000000000002,0.0,7.840000000000002,0.6235786248748012,37.41471749248807
197,victoria,47.98636363636363,43.15454545454545,6.127272727272726,0.03636363636363637,1.2772727272727271,0.0,18.28181818181818,27.731818181818177,26.59090909090909,18.69090909090909,0.9863636363636364,1.1681818181818182,1.1181818181818177,3.3090909090909086,20.37727272727273,80.23636363636362,11.636363636363635,7.745454545454546,0.3636363636363637,6.549999999999998,1.0978907517577068,65.87344510546241
198,walker,17.68,57.78000000000001,22.17,0.25,1.22,0.01,26.0,30.45,30.71,28.15,0.17,4.48,1.31,3.0700000000000003,25.0,60.78,34.97000000000001,4.1400000000000015,0.13,4.4,0.41457003379647017,24.87420202778821
199,waller,27.500000000000004,43.08333333333334,26.28333333333333,0.18333333333333332,0.7999999999999999,0.0,14.333333333333336,23.62,29.2,20.83333333333333,0.6,10.216666666666667,2.45,5.4833333333333325,32.416666666666664,77.9,16.566666666666666,5.4833333333333325,0.05,8.85,0.4930255223244198,29.58153133946519
200,ward,50.93333333333334,42.333333333333336,5.166666666666667,0.6,0.3,0.0,16.400000000000002,20.233333333333334,20.5,19.566666666666666,0.0,2.8000000000000003,1.6333333333333335,3.266666666666666,21.33333333333333,79.8,14.9,5.0,0.3333333333333333,4.4,0.1840490797546012,11.042944785276072
201,washington,15.483333333333334,63.35,18.4,0.3666666666666667,1.616666666666667,0.13333333333333333,13.85,19.9,29.05,17.366666666666667,0.3,1.7166666666666668,1.4,2.65,20.58333333333333,73.83333333333333,18.233333333333334,7.883333333333333,0.05,4.983333333333333,0.5267234701781565,31.603408210689388
202,wharton,39.22727272727273,43.1,17.218181818181815,0.009090909090909092,0.0818181818181818,0.0,20.80909090909091,31.44545454545455,24.572727272727274,20.890909090909084,0.2454545454545455,1.2818181818181815,1.2454545454545451,3.8363636363636364,22.87272727272727,80.08181818181819,11.199999999999998,8.581818181818182,0.13636363636363638,7.800000000000002,0.2027495517035266,12.164973102211595
203,wichita,20.39722222222222,64.375,10.480555555555558,0.6083333333333332,1.7472222222222222,0.016666666666666666,20.43888888888889,29.04722222222223,28.83888888888889,23.380555555555553,0.6666666666666666,4.138888888888889,1.2111111111111112,2.827777777777777,14.847222222222221,75.99444444444445,18.052777777777774,5.775,0.175,6.841666666666669,0.5528590929774003,33.17154557864402
204,wilbarger,25.975,62.075,9.025,0.4,0.6,0.0,19.3,24.175,27.025,21.425,0.0,2.0,1.5499999999999998,3.45,14.525,68.69999999999999,26.375,4.875,0.05,7.85,0.0707877596165663,4.247265576993978
205,willacy,87.92,10.44,0.9200000000000002,0.08,0.04,0.02,38.36,48.72000000000001,22.72,26.28,0.0,3.06,0.8,2.46,23.5,68.34,22.84,8.74,0.12,10.76,0.2962719117768085,17.77631470660851
206,williamson,23.976404494382013,62.820224719101134,6.047191011235953,0.17415730337078653,4.666292134831462,0.02808988764044944,8.0438202247191,10.679545454545458,43.61348314606741,15.035955056179777,0.6741573033707864,0.9685393258426964,1.521348314606742,6.90674157303371,27.406741573033706,78.45280898876406,15.033707865168534,6.362921348314607,0.15955056179775282,6.024719101123595,1.0046646120161358,60.27987672096815
207,wilson,39.24545454545454,57.73636363636365,1.4727272727272729,0.2,0.2,0.0,11.3,13.6,30.62727272727272,16.972727272727273,0.09090909090909093,1.0545454545454545,0.5727272727272728,5.300000000000002,31.94545454545454,72.47272727272727,19.96363636363636,7.463636363636365,0.1,5.718181818181818,0.3816046966731898,22.89628180039139
208,wise,17.145454545454548,79.35454545454544,1.0909090909090908,0.6727272727272727,0.3545454545454545,0.027272727272727282,11.263636363636365,16.83636363636364,28.44545454545454,15.745454545454548,0.027272727272727282,0.7818181818181817,0.6363636363636365,5.954545454545454,31.94545454545455,77.10000000000002,14.4,8.381818181818183,0.1272727272727273,7.4,0.4527054540228509,27.162327241371052
209,wood,9.19,83.6,4.99,0.5000000000000001,0.6299999999999999,0.0,14.82,20.42,29.75,18.380000000000006,0.29,2.93,1.14,5.64,28.24,75.22999999999998,15.65,8.559999999999999,0.51,8.930000000000003,0.2698572290367987,16.191433742207924
210,yoakum,58.25,39.65,0.45,0.1,0.6,0.0,12.1,14.75,28.6,11.75,0.0,0.55,0.15,1.9,16.6,71.9,18.35,9.65,0.15,7.2,0.03995243757431629,2.397146254458977
211,young,20.5,76.0,1.45,0.475,0.275,0.0,16.4,23.3,28.55,18.075,0.0,0.7250000000000001,1.175,4.825,15.325,73.45,15.849999999999998,10.45,0.275,5.675,0.08340573414422242,5.004344048653345
212,zapata,93.7,6.2666666666666675,0.03333333333333333,0.0,0.0,0.0,36.13333333333333,48.8,16.166666666666668,29.23333333333333,0.3,3.1666666666666665,0.3,2.1333333333333333,19.53333333333333,73.2,18.233333333333327,8.6,0.0,11.933333333333332,0.1549407114624506,9.296442687747035
