,County,CensusTract,Hispanic,White,Black,Native,Asian,Pacific,Citizen,Income,IncomeErr,IncomePerCap,IncomePerCapErr,Poverty,ChildPoverty,Professional,Service,Office,Construction,Production,Drive,Carpool,Transit,Walk,OtherTransp,WorkAtHome,MeanCommute,Employed,PrivateWork,PublicWork,SelfEmployed,FamilyWork,Unemployment,Voters,Workers,Locations,Hours,eff_score
0,anderson,48001950673.27273,17.818181818181817,58.945454545454545,21.21818181818182,0.4090909090909091,0.6545454545454545,0.009090909090909092,4010.090909090909,44392.09090909091,15917.363636363636,18081.727272727272,3020.818181818182,20.990909090909085,24.50909090909091,23.736363636363638,26.4,21.972727272727273,12.754545454545456,15.172727272727274,83.62727272727273,9.60909090909091,0.24545454545454548,2.4,0.6000000000000001,3.5454545454545463,19.254545454545454,1805.3636363636363,67.31818181818181,26.590909090909097,6.009090909090909,0.09090909090909091,5.509090909090909,27030,77,22,12,0.7520532741398446
1,andrews,48003950250.0,49.45,46.5,1.275,0.22499999999999998,0.725,0.0,2551.75,71015.0,13556.25,31550.0,6038.0,10.8,14.725,22.925,14.15,21.65,23.525,17.75,78.475,17.675,0.0,0.1,1.075,2.65,20.2,1980.75,81.9,9.774999999999999,7.65,0.675,3.575,9574,12,1,12,0.015040735324838104
2,angelina,48005000671.29412,20.641176470588235,61.39411764705883,15.329411764705883,0.18235294117647058,1.1882352941176473,0.0,3519.6470588235293,43349.41176470588,7595.941176470588,21679.823529411766,3677.470588235294,19.658823529411762,29.56470588235294,26.317647058823535,21.082352941176474,22.482352941176472,13.458823529411763,16.65294117647059,82.5764705882353,12.705882352941176,0.1411764705882353,1.447058823529412,1.641176470588235,1.4823529411764707,18.423529411764704,2128.3529411764707,76.32941176470588,17.723529411764705,5.917647058823531,0.058823529411764705,9.33529411764706,51641,112,27,12,0.7026974690652776
3,aransas,48007956916.666664,23.919999999999998,71.17999999999999,1.34,0.1,1.3599999999999999,0.0,3148.5,49725.4,9247.8,33022.0,6141.6,17.5,33.42,32.74,17.860000000000003,22.580000000000002,17.0,9.78,79.0,10.62,0.0,2.6399999999999997,1.48,6.22,24.54,1577.3333333333333,73.14,12.459999999999999,14.1,0.3,5.84,17333,15,3,12,0.031154445277793805
4,archer,48009020200.0,7.733333333333333,89.26666666666667,0.5333333333333333,1.2666666666666666,0.4666666666666666,0.0,2204.0,60725.0,9375.666666666666,29857.333333333332,4289.333333333333,9.766666666666667,10.6,33.766666666666666,13.800000000000002,21.866666666666664,15.766666666666666,14.799999999999999,86.46666666666668,7.400000000000001,0.0,0.7999999999999999,0.7000000000000001,4.666666666666667,21.666666666666668,1413.0,76.53333333333333,13.866666666666667,9.433333333333332,0.16666666666666666,2.9666666666666663,6320,29,8,12,0.44050632911392407
5,armstrong,48011950100.0,11.8,84.5,0.6,1.6,0.0,0.2,1534.0,59737.0,4968.0,28669.0,2241.0,6.9,4.3,39.2,12.1,20.1,20.9,7.8,74.4,14.7,0.0,1.8,1.6,7.5,25.3,954.0,65.6,24.4,9.5,0.4,1.1,1428,21,6,12,1.0588235294117647
6,atascosa,48013960338.25,66.13749999999999,31.9125,0.6125,0.075,0.23750000000000002,0.0,4034.0,49182.625,8320.625,21413.625,3430.75,18.125,26.749999999999996,22.7625,21.725,21.212500000000002,19.9625,14.350000000000001,76.6625,16.1,0.05,1.5874999999999997,0.625,4.9625,29.799999999999997,2496.875,77.275,15.149999999999999,7.45,0.1375,7.6,26434,98,21,12,0.9342513429673904
7,austin,48015760333.833336,23.850000000000005,64.63333333333334,9.1,0.016666666666666666,0.0,0.0,3341.1666666666665,53465.0,12924.833333333334,27446.666666666668,3842.0,11.583333333333334,19.46666666666667,31.183333333333326,15.683333333333332,20.966666666666665,14.399999999999999,17.766666666666666,80.71666666666665,11.566666666666668,0.06666666666666667,1.0666666666666667,1.4666666666666668,5.083333333333333,29.083333333333332,2247.1666666666665,80.58333333333333,11.116666666666665,8.183333333333334,0.13333333333333333,5.816666666666666,18907,63,18,12,0.7197334320621992
8,bailey,48017950100.0,60.1,37.5,1.9,0.1,0.4,0.1,3936.0,37397.0,8652.0,17007.0,2385.0,19.0,25.8,23.2,22.4,20.6,20.7,13.2,77.3,6.5,0.0,3.3,7.7,5.3,19.6,3191.0,75.3,19.1,5.6,0.0,4.3,3242,8,1,12,0.02961135101789019
9,bandera,48019000220.6,16.36,80.16,2.04,0.12,0.24,0.0,3329.6,49529.0,10306.8,26714.6,4018.4,13.879999999999999,24.54,36.04,17.94,21.48,17.02,7.540000000000001,80.42,10.260000000000002,0.4,2.88,0.4,5.619999999999999,35.2,1802.0,66.64,19.580000000000002,13.559999999999999,0.22000000000000003,4.74,15333,32,10,12,0.2504402269614557
10,bastrop,48021950490.6,34.269999999999996,56.089999999999996,7.26,0.36,0.6699999999999999,0.0,5101.1,53902.4,9166.2,24569.3,4016.7,14.709999999999999,20.279999999999998,30.309999999999995,15.720000000000002,24.169999999999998,16.990000000000002,12.86,79.60000000000001,14.079999999999998,0.29,1.47,0.96,3.6100000000000003,33.209999999999994,3234.3,71.66,19.85,8.190000000000001,0.27999999999999997,9.53,47519,105,21,12,0.5568298996190997
11,baylor,48023950300.0,8.9,86.4,1.9,0.0,0.0,0.0,2836.0,36373.0,7151.0,32907.0,9699.0,11.9,2.2,37.6,12.0,21.9,21.7,6.8,91.3,5.6,0.0,0.5,1.2,1.4,13.0,1486.0,62.0,16.6,21.5,0.0,1.4,2330,8,4,12,0.1648068669527897
12,bee,48025950329.0,55.871428571428574,37.885714285714286,5.57142857142857,0.35714285714285715,0.12857142857142856,0.0,3552.714285714286,47179.28571428572,10901.714285714286,19253.0,3332.714285714286,18.814285714285713,28.571428571428577,20.142857142857142,24.800000000000004,20.85714285714286,16.185714285714283,18.02857142857143,80.51428571428572,13.342857142857143,0.028571428571428574,2.471428571428571,1.3571428571428572,2.3000000000000003,26.12857142857143,1493.0,68.89999999999999,22.542857142857144,8.12857142857143,0.4142857142857143,7.128571428571427,15883,39,10,12,0.2946546622174652
13,bell,48027066191.10769,24.063492063492063,48.54920634920635,20.35714285714286,0.5142857142857143,2.452380952380952,0.6714285714285714,3422.0307692307692,48094.66129032258,7614.967741935484,22410.126984126986,3211.7936507936506,17.688709677419357,25.529032258064507,29.028571428571432,21.15873015873016,26.990476190476183,10.384126984126983,12.438095238095233,79.78730158730157,12.434920634920637,0.30476190476190473,2.5253968253968258,1.8063492063492061,3.1444444444444457,19.511111111111113,1962.3076923076924,69.98412698412697,24.942857142857147,4.936507936507938,0.14285714285714285,10.141269841269839,195604,347,46,12,0.9792437782458436
14,bexar,48029172817.2541,59.977197802197786,28.737362637362647,6.889010989010988,0.25906593406593414,2.3749999999999996,0.0346153846153846,3312.5464480874316,54659.01933701657,8982.104972375691,24734.95054945055,3534.8956043956046,18.474725274725273,25.612947658402195,32.374175824175815,20.71675824175823,26.104945054945073,10.237912087912097,10.571428571428571,78.30714285714286,11.38351648351649,3.3956043956043938,1.944230769230768,1.278021978021978,3.6917582417582424,24.388950276243108,2251.7021857923496,79.54752747252748,14.664560439560441,5.689835164835167,0.09807692307692309,7.909890109890108,1108798,1260,302,12,4.1181892463731
15,blanco,48031950150.0,18.7,78.30000000000001,0.05,0.7,0.45,0.0,4056.0,53787.0,9276.0,29405.0,3543.5,8.95,14.05,37.05,20.45,19.049999999999997,15.6,7.85,76.35,14.0,0.0,3.05,0.95,5.6,25.9,2335.0,69.75,17.75,12.25,0.25,6.050000000000001,8177,29,6,12,0.2553503729974318
16,borden,48033950100.0,8.8,87.9,0.0,3.0,0.0,0.0,490.0,73750.0,8208.0,44591.0,15266.0,1.4,0.0,52.8,11.7,14.2,14.2,7.1,78.6,10.4,0.0,0.7,0.7,9.6,24.9,282.0,45.7,36.2,17.0,1.1,0.7,488,21,7,12,3.6147540983606556
17,bosque,48035950400.0,16.014285714285716,80.28571428571429,1.4714285714285715,0.34285714285714286,0.38571428571428573,0.0,1886.7142857142858,45418.857142857145,6760.285714285715,24415.571428571428,3965.8571428571427,14.757142857142856,21.957142857142856,27.957142857142856,18.585714285714285,21.571428571428573,15.571428571428571,16.357142857142858,78.47142857142858,13.12857142857143,0.1285714285714286,2.928571428571428,0.7714285714285714,4.614285714285714,29.685714285714287,1023.5714285714286,75.4857142857143,12.514285714285714,11.72857142857143,0.2571428571428572,8.128571428571428,12209,34,3114,12,104.06355966909656
18,bowie,48037011033.833336,6.7,61.98888888888889,27.62777777777778,0.7111111111111111,0.7499999999999999,0.06666666666666667,3827.4444444444443,41806.0,6436.444444444444,21528.944444444445,3354.9444444444443,21.372222222222224,30.716666666666665,27.161111111111108,22.805555555555557,23.90555555555556,11.722222222222221,14.416666666666666,83.5611111111111,9.933333333333332,0.8333333333333333,1.1,2.1944444444444446,2.3833333333333333,18.26111111111111,1997.7222222222222,75.67222222222222,19.27777777777778,4.905555555555555,0.1277777777777778,9.177777777777779,59606,142,32,12,0.9148072341710566
19,brazoria,48039668602.27451,30.522000000000002,55.17799999999999,9.53,0.28800000000000003,3.036,0.004,4353.588235294118,64157.84,9773.12,27993.46,3567.52,12.81,16.601999999999997,33.556000000000004,15.952,21.984,13.503999999999998,15.004000000000001,85.868,8.626,0.18200000000000002,1.06,1.5280000000000005,2.7400000000000007,27.258000000000003,3025.294117647059,80.30999999999999,13.789999999999997,5.781999999999999,0.11199999999999999,6.068,205435,124,26,12,0.1883223403996398
20,brazos,48041024622.78571,23.736585365853664,58.01219512195122,10.141463414634147,0.21463414634146338,6.234146341463415,0.041463414634146344,3424.9523809523807,46399.325,9565.15,23343.51219512195,3690.6585365853657,28.0525,26.3225,40.04878048780487,17.921951219512195,24.24634146341463,9.109756097560979,8.670731707317072,75.79024390243903,11.890243902439023,2.5219512195121947,4.151219512195122,2.71219512195122,2.9341463414634146,17.77073170731707,2340.3333333333335,68.04146341463415,25.795121951219514,5.943902439024392,0.23170731707317074,6.54390243902439,114391,167,25,12,0.43797151873836226
21,briscoe,48045950200.0,32.6,60.4,3.8,0.1,0.0,0.3,1111.0,38603.0,7119.0,22323.0,2637.0,18.6,27.4,33.7,16.6,16.6,20.6,12.4,79.4,5.8,0.0,6.2,1.1,7.5,20.6,757.0,62.9,23.6,12.4,1.1,4.7,1013,20,5,12,1.1846001974333662
22,brooks,48047950150.0,93.1,5.550000000000001,0.05,0.0,1.25,0.0,2612.0,24105.0,8137.0,14168.5,3141.5,36.45,56.15,22.35,27.650000000000002,25.85,11.649999999999999,12.55,81.8,12.25,0.05,3.0,0.05,2.8499999999999996,23.2,1208.0,73.4,20.65,5.95,0.0,13.9,5524,21,914,12,41.69587255611876
23,brown,48049950725.0,21.983333333333334,71.65833333333335,4.533333333333332,0.23333333333333336,0.5249999999999999,0.024999999999999998,2336.75,41149.75,6343.916666666667,21287.75,3776.3333333333335,20.258333333333336,31.816666666666663,30.674999999999997,20.566666666666666,22.516666666666666,10.591666666666667,15.691666666666668,86.35833333333333,9.766666666666667,0.35833333333333334,1.075,0.7583333333333333,1.6833333333333333,17.21666666666667,1250.5,75.97500000000001,15.341666666666667,8.583333333333334,0.09999999999999999,4.841666666666667,23357,56,15,12,0.4315622725521257
24,burleson,48051970300.0,17.939999999999998,67.66,11.819999999999999,0.16,1.1199999999999999,0.0,2503.6,53329.6,9218.6,25722.0,4060.8,15.280000000000001,25.32,28.6,15.940000000000001,22.18,16.060000000000002,17.259999999999998,82.58000000000001,12.979999999999999,0.1,0.6799999999999999,0.6399999999999999,3.04,28.140000000000004,1470.4,69.02,21.419999999999998,8.88,0.7,7.9,11427,42,13,12,0.5733788395904437
25,burnet,48053960450.0,20.1,76.04999999999998,2.325,0.6875,0.30000000000000004,0.0,4087.0,51700.125,8276.5,27436.625,4650.75,14.9125,23.675,30.0625,19.75,22.950000000000003,15.2,12.012500000000001,78.32499999999999,11.475000000000001,0.1375,1.9875000000000003,1.2375,6.862500000000001,26.162499999999998,2334.125,73.3,14.6625,11.9375,0.0875,4.987500000000001,30985,96,20,12,0.7435856059383573
26,caldwell,48055960362.875,45.099999999999994,46.9125,6.4125000000000005,0.1375,0.30000000000000004,0.075,3462.375,48765.0,7227.625,21916.625,3749.75,16.7875,21.825000000000003,25.525,22.35,22.675,13.825,15.6125,79.7125,13.4375,0.125,1.9874999999999998,1.925,2.8375,31.624999999999996,2086.625,74.125,18.687500000000004,7.075,0.125,5.612500000000001,23848,53,3626,12,96.70144246897014
27,calhoun,48057165250.0,43.48,48.459999999999994,3.02,0.06000000000000001,2.78,0.08,2473.5,51707.6,10840.8,25261.6,3919.4,17.84,26.5,27.720000000000006,12.48,22.240000000000002,16.240000000000002,21.3,80.2,13.780000000000001,0.72,1.1600000000000001,1.64,2.46,23.18,1569.3333333333333,80.92,12.14,6.88,0.08,6.359999999999999,12491,52,16,12,0.7992954927547834
28,callahan,48059030134.333336,9.1,87.2,1.7333333333333332,0.06666666666666667,0.39999999999999997,0.0,3398.0,41348.0,7673.0,22425.333333333332,3061.0,18.933333333333334,20.599999999999998,25.866666666666664,16.53333333333333,24.933333333333334,14.733333333333334,17.933333333333334,84.43333333333334,10.2,0.3,2.3333333333333335,0.26666666666666666,2.433333333333333,22.2,1697.3333333333333,71.16666666666667,16.900000000000002,9.466666666666667,2.433333333333333,5.3999999999999995,8658,9,4,12,0.0498960498960499
29,cameron,48061045910.60919,88.70357142857144,10.090476190476195,0.3511904761904764,0.04642857142857143,0.5619047619047617,0.002380952380952381,2529.022988505747,32757.89285714286,7059.488095238095,14634.595238095239,2534.5476190476193,36.22857142857143,50.38571428571427,25.56428571428572,25.75357142857143,25.689285714285717,11.278571428571428,11.720238095238098,82.54523809523808,10.444047619047618,0.9595238095238098,1.846428571428571,1.897619047619047,2.301190476190476,19.58452380952381,1701.2758620689656,73.80238095238096,16.994047619047617,9.038095238095238,0.16785714285714284,10.46547619047619,206391,409,76,12,1.807288108493103
30,camp,48063950134.333336,21.666666666666668,58.93333333333334,16.666666666666668,0.10000000000000002,0.3,0.0,2808.6666666666665,36540.333333333336,6199.666666666667,20123.0,3421.6666666666665,18.933333333333334,27.3,22.03333333333333,19.099999999999998,22.2,13.866666666666667,22.8,82.60000000000001,12.866666666666665,0.9666666666666667,0.20000000000000004,0.26666666666666666,3.0999999999999996,23.03333333333333,1679.6666666666667,74.13333333333333,15.466666666666669,10.033333333333333,0.4333333333333333,8.766666666666667,7640,16,4,12,0.10052356020942409
31,carson,48065950150.0,9.3,87.3,0.85,0.7,0.3,0.25,2235.0,67111.5,10927.5,28469.5,2995.5,6.75,8.7,35.75,9.9,23.45,17.9,13.0,90.45,5.300000000000001,0.25,0.7,0.0,3.3,20.15,1451.0,71.15,18.799999999999997,10.1,0.0,1.35,4264,24,7,12,0.4727954971857411
32,cass,48067950400.0,3.6142857142857143,77.28571428571429,17.114285714285717,0.24285714285714288,0.4142857142857142,0.11428571428571428,3321.285714285714,38911.0,6363.142857142857,21044.14285714286,2975.1428571428573,20.042857142857144,30.22857142857143,20.842857142857138,18.814285714285713,24.228571428571428,15.228571428571428,20.914285714285715,88.07142857142857,6.1,0.4142857142857143,1.3571428571428572,1.9714285714285715,2.085714285714286,25.21428571428572,1709.142857142857,76.85714285714286,15.200000000000001,7.942857142857142,0.0,9.4,20119,90,18,12,0.9662508076942194
33,chambers,48071750300.14286,19.2,66.28,10.72,0.36,1.44,0.02,3435.0,60482.4,10326.0,28092.4,4416.8,14.040000000000001,12.86,30.139999999999997,12.52,17.04,18.16,22.14,86.4,8.8,0.0,1.24,1.86,1.72,30.28,2166.5714285714284,76.66,17.119999999999997,6.08,0.12,9.120000000000001,26882,62,15,12,0.4151476824641024
34,cherokee,48073950616.916664,21.791666666666668,58.80833333333334,17.391666666666666,0.075,0.46666666666666673,0.0,2908.5833333333335,36942.166666666664,7233.5,18601.75,2813.4166666666665,23.55,34.15,25.38333333333333,24.808333333333337,19.333333333333332,15.341666666666667,15.091666666666667,81.20833333333333,14.516666666666666,0.008333333333333333,1.8333333333333337,1.1083333333333334,1.3499999999999999,24.558333333333337,1644.0833333333333,71.85833333333333,21.941666666666666,5.983333333333334,0.19166666666666665,6.8999999999999995,27629,81,23,12,0.8091498063628796
35,childress,48075950150.0,23.35,59.05,13.1,0.7,1.4,1.45,2756.0,53912.0,15428.0,18614.0,3801.0,15.25,25.7,40.95,19.15,18.15,7.1,14.649999999999999,91.85,5.7,0.0,1.95,0.0,0.55,14.8,1300.0,57.25,31.35,10.8,0.55,5.1,3428,13,3,12,0.13652275379229872
36,clay,48077030267.666664,5.566666666666666,90.7,0.6,1.1666666666666667,0.39999999999999997,0.0,2677.6666666666665,48239.0,7411.666666666667,26142.0,3382.3333333333335,12.466666666666667,14.066666666666668,28.666666666666668,19.0,24.433333333333337,14.566666666666668,13.4,84.03333333333333,8.733333333333333,0.0,2.1333333333333333,1.1333333333333333,3.966666666666667,25.23333333333333,1535.0,72.39999999999999,17.433333333333334,10.0,0.16666666666666666,7.0,7656,48,16,12,1.2037617554858935
37,coke,48081950150.0,20.950000000000003,77.30000000000001,0.75,0.55,0.1,0.0,1283.0,42371.5,9291.5,29246.5,7345.0,11.600000000000001,11.1,46.25,13.75,15.149999999999999,12.6,12.2,84.19999999999999,5.050000000000001,0.0,4.050000000000001,1.2999999999999998,5.45,22.299999999999997,754.0,58.6,31.6,9.85,0.0,3.1500000000000004,2215,8,4,12,0.17336343115124153
38,coleman,48083950533.333336,16.4,78.56666666666666,1.9333333333333333,0.9666666666666667,1.5999999999999999,0.0,2193.6666666666665,38806.0,6977.0,22096.333333333332,3433.6666666666665,20.333333333333332,33.43333333333333,26.366666666666664,18.166666666666668,22.733333333333334,19.933333333333334,12.833333333333334,85.63333333333333,7.333333333333333,0.09999999999999999,1.8666666666666665,1.9666666666666668,3.0666666666666664,30.8,1078.3333333333333,70.2,16.233333333333334,13.133333333333333,0.3666666666666667,7.933333333333334,5663,12,4,12,0.10171287303549355
39,collin,48085031221.197365,14.838815789473687,60.51381578947369,8.676315789473685,0.33749999999999997,12.989473684210527,0.06315789473684211,3605.315789473684,90005.63157894737,12641.611842105263,39965.75657894737,5077.559210526316,7.6519736842105255,9.63684210526316,52.51315789473682,11.953289473684206,25.004605263157895,4.853289473684212,5.686184210526314,81.6118421052632,7.0940789473684225,1.040789473684211,0.8953947368421055,1.3407894736842108,8.026973684210526,27.709210526315797,2922.2960526315787,84.00921052631578,9.751315789473681,6.066447368421051,0.16644736842105265,4.8723684210526335,554057,251,68,12,0.36966593689818916
40,colorado,48089750300.0,28.2,58.7,12.7,0.16,0.16,0.0,3036.2,45961.4,8834.8,25274.8,4041.0,15.2,17.3,28.48,17.02,20.82,16.779999999999998,16.919999999999998,87.4,7.8199999999999985,1.3199999999999998,1.64,0.16,1.7,21.42,1833.8,72.97999999999999,17.04,9.080000000000002,0.9199999999999999,3.9799999999999995,13445,37,11,12,0.36325771662328005
41,comal,48091310586.083336,26.929166666666664,68.88333333333334,1.7333333333333334,0.15,0.7708333333333336,0.012500000000000002,3678.375,69096.29166666667,11966.875,32141.541666666668,4580.041666666667,9.42083333333333,13.129166666666668,36.916666666666664,16.945833333333333,25.608333333333334,11.645833333333334,8.870833333333332,80.51666666666667,9.329166666666666,0.10416666666666667,1.1,1.3749999999999998,7.583333333333333,30.650000000000002,2257.9166666666665,77.48333333333333,12.637500000000003,9.520833333333332,0.3541666666666667,4.954166666666667,100074,179,25,12,0.5366029138437556
42,comanche,48093950250.0,27.3,71.05,0.375,0.1,0.30000000000000004,0.0,2426.75,37564.0,4895.75,20124.0,2515.25,23.075,39.85,26.375,15.125,20.224999999999998,17.4,20.875,80.05,12.600000000000001,0.0,2.85,1.0,3.5,22.95,1334.5,72.875,14.424999999999999,12.149999999999999,0.5249999999999999,4.725,9185,45,12,12,0.7054980947196516
43,coryell,48099061522.947365,17.34736842105263,61.56315789473683,13.915789473684208,0.431578947368421,1.7105263157894737,0.6736842105263159,2862.8947368421054,49050.25,7629.4375,20520.36842105263,3021.7894736842104,17.12222222222222,27.15555555555555,25.889473684210525,24.973684210526315,25.778947368421054,10.163157894736841,13.200000000000001,76.75263157894737,11.84736842105263,0.5947368421052632,5.315789473684212,2.6263157894736846,2.894736842105263,21.0,1193.8947368421052,61.04736842105264,34.72105263157894,4.063157894736842,0.16842105263157894,9.105263157894736,38711,43,5262,12,70.14006354782879
44,cottle,48101950100.0,28.1,59.9,10.5,0.2,0.0,0.0,1074.0,34955.0,3894.0,18926.0,2304.0,22.7,39.1,31.4,22.6,22.9,19.2,3.9,66.6,17.7,0.0,9.6,4.0,2.2,15.1,615.0,56.4,28.9,14.0,0.7,7.5,1062,12,4,12,0.5423728813559322
45,crane,48103950100.0,60.0,35.7,3.5,0.7,0.0,0.0,2869.0,58333.0,6374.0,23808.0,2497.0,13.1,16.3,19.0,19.4,17.3,21.9,22.3,77.0,18.9,0.6,2.0,1.4,0.0,23.0,1980.0,82.2,13.9,3.9,0.0,5.2,2666,16,4,12,0.2880720180045011
46,crockett,48105950100.0,61.8,36.7,0.3,0.0,0.0,0.0,2609.0,53678.0,8534.0,26675.0,3494.0,17.5,30.4,21.6,17.5,20.7,24.4,15.9,76.1,18.7,0.0,3.5,0.0,1.6,21.1,1851.0,77.4,16.3,6.2,0.2,1.8,2501,12,4,12,0.2303078768492603
47,crosby,48107950200.0,53.93333333333334,40.96666666666667,3.5,0.0,0.0,0.4666666666666666,1386.0,37941.666666666664,6975.333333333333,19070.333333333332,2894.3333333333335,22.733333333333334,34.93333333333333,28.566666666666666,19.0,19.933333333333334,23.366666666666664,9.133333333333335,83.43333333333332,8.233333333333334,0.0,2.966666666666667,3.9,1.4333333333333333,22.233333333333334,826.0,72.56666666666666,17.3,9.633333333333333,0.4666666666666666,9.500000000000002,3540,12,709,12,28.840677966101694
48,culberson,48109950300.0,78.4,19.2,0.4,0.5,0.0,0.1,1591.0,35000.0,5602.0,17340.0,3140.0,29.7,41.7,20.1,32.2,24.2,15.7,7.8,73.1,18.7,0.2,2.9,3.0,2.2,11.0,1020.0,74.7,19.1,6.2,0.0,6.5,1714,18,5,12,0.6301050175029171
49,dallam,48111950200.0,34.1,61.7,0.75,1.2000000000000002,1.0,0.0,2092.0,47257.5,6025.5,23821.5,3271.0,14.8,21.5,24.5,21.45,16.75,20.0,17.3,80.0,11.5,1.0,1.75,2.95,2.8499999999999996,12.65,1690.5,74.95,13.25,11.549999999999999,0.25,3.9,3040,8,2,12,0.06315789473684211
50,dallas,48113016321.81853,37.65180265654644,33.94990512333965,20.908349146110062,0.17077798861480076,5.423908918406067,0.04497153700189752,2708.3213610586013,57175.50095238095,9558.495238095238,30441.41176470588,4558.779886148008,19.265654648956335,27.655028462998093,32.563757115749546,18.401518026565476,24.275142314990507,11.567552182163192,13.192789373814037,77.73055028463011,11.181973434535106,3.3519924098671723,1.5400379506641357,2.0521821631878545,4.144592030360533,26.297908745247135,2253.2287334593575,84.10796963946859,9.136812144212522,6.59544592030361,0.16129032258064513,7.710815939278936,1338338,3092,416,12,11.533158290357145
51,dawson,48115950475.75,52.075,40.95,5.25,0.24999999999999997,0.7500000000000001,0.025,2409.5,41306.5,8125.0,20268.25,3250.0,17.1,18.175,22.225,18.15,24.7,17.35,17.55,77.47500000000001,16.1,0.275,1.75,1.75,2.6500000000000004,15.849999999999998,1211.0,68.0,20.925,10.95,0.1,9.375,7065,28,9,12,0.4280254777070064
52,dewitt,48123970300.0,32.7,58.760000000000005,7.9799999999999995,0.08,0.08,0.0,3109.4,51639.8,11227.2,29856.6,6001.8,14.780000000000001,20.6,29.5,19.0,21.36,14.719999999999999,15.4,83.6,8.38,0.04,2.3200000000000003,1.3,4.32,23.04,1585.4,72.52,17.439999999999998,9.8,0.24,6.4,11765,27,10,12,0.2753931151721207
53,delta,48119950150.0,7.0,80.0,9.350000000000001,0.39999999999999997,0.8,0.0,2010.0,40795.5,4627.0,20329.5,2336.0,24.35,42.4,33.05,14.9,21.75,11.65,18.6,82.35,10.2,0.0,3.4,1.75,2.25,29.75,915.0,73.15,16.45,10.4,0.0,14.299999999999999,3838,23,1,12,0.07191245440333507
54,denton,48121021264.80292,19.159854014598533,60.838686131386886,8.790510948905109,0.26715328467153293,8.02043795620438,0.06934306569343066,3525.2700729927005,83279.24087591241,11151.642335766423,35106.67153284672,4301.686131386861,9.726277372262771,11.747445255474455,43.99197080291971,14.778102189781015,26.418248175182477,6.1598540145985385,8.662043795620438,80.70802919708032,9.121897810218979,1.066423357664234,1.3751824817518246,1.3627737226277374,6.360583941605838,27.649635036496353,2831.2700729927005,82.30583941605839,11.829927007299268,5.6985401459854,0.16277372262773726,5.577372262773723,503487,521,94,12,1.167235698240471
55,dickens,48125950300.0,26.4,66.9,6.1,0.2,0.0,0.0,1714.0,39700.0,4253.0,20659.0,2919.0,20.1,24.8,41.5,15.6,16.9,19.0,7.0,75.3,9.7,0.0,6.2,2.8,6.1,16.1,744.0,59.0,31.2,9.5,0.3,13.6,1268,15,6,12,0.8517350157728707
56,donley,48129950250.0,10.5,82.5,5.25,0.65,0.39999999999999997,0.05,1413.0,36457.5,3963.5,20544.0,2352.5,17.55,32.150000000000006,34.25,24.15,15.75,14.8,11.0,68.55,16.75,0.0,4.45,1.15,9.100000000000001,23.4,705.5,55.45,29.95,14.6,0.0,3.3000000000000003,2230,12,6,12,0.3874439461883408
57,duval,48131950266.666664,88.06666666666668,10.4,0.8666666666666666,0.26666666666666666,0.39999999999999997,0.0,2878.3333333333335,36452.666666666664,9947.666666666666,21174.666666666668,5029.666666666667,23.400000000000002,35.26666666666666,18.099999999999998,24.333333333333332,22.166666666666668,22.900000000000002,12.5,69.73333333333333,19.5,0.0,5.7,1.9666666666666668,3.1,28.133333333333336,1445.3333333333333,75.86666666666666,17.266666666666666,6.533333333333334,0.3666666666666667,10.633333333333333,1971,32,9,12,1.7534246575342465
58,eastland,48133950300.0,16.22,79.88000000000001,2.3,0.18,0.26,0.0,2784.0,34550.6,6120.2,20221.0,4187.2,18.34,20.78,29.32,21.26,19.979999999999997,13.419999999999998,16.02,83.42,10.84,0.06,1.6800000000000002,0.8,3.22,19.959999999999997,1360.6,76.53999999999999,14.4,8.32,0.74,4.54,10860,32,9,12,0.318232044198895
59,ector,48135001750.32143,56.475000000000016,36.82857142857143,4.2785714285714285,0.29999999999999993,0.7607142857142856,0.0035714285714285718,3306.3928571428573,57245.857142857145,9021.107142857143,25801.25,3795.0,13.603571428571431,17.15357142857143,22.75714285714286,15.87857142857143,25.11428571428572,17.939285714285717,18.324999999999996,80.93214285714286,14.578571428571427,0.5928571428571427,1.1178571428571427,0.5142857142857143,2.2607142857142852,20.924999999999994,2504.6428571428573,82.34285714285714,10.639285714285718,6.878571428571429,0.1392857142857143,5.117857142857142,76573,111,26,12,0.4522743003408512
60,edwards,48137950300.0,51.0,48.8,0.2,0.1,0.0,0.0,1480.0,41813.0,16850.0,27893.0,9683.0,10.8,20.8,22.7,20.9,26.9,22.0,7.5,56.2,14.4,0.0,5.7,7.2,16.5,23.2,912.0,57.2,23.0,19.7,0.0,4.9,1454,15,5,12,0.6189821182943603
61,ellis,48139060655.129036,25.00967741935484,63.906451612903226,8.632258064516131,0.27096774193548384,0.5451612903225808,0.029032258064516127,3393.1290322580644,63247.06451612903,9783.032258064517,26101.709677419356,3364.6774193548385,12.541935483870969,17.03870967741935,30.758064516129032,14.841935483870968,27.258064516129025,11.138709677419357,16.01290322580645,81.52580645161291,11.787096774193548,0.3451612903225807,0.5516129032258064,0.8290322580645161,4.96774193548387,28.554838709677423,2409.7741935483873,78.57741935483871,13.974193548387102,7.390322580645161,0.058064516129032254,6.238709677419355,108499,168,36,12,0.6689093908699619
62,erath,48143950375.375,20.487500000000004,76.3125,1.075,0.4375,0.6124999999999999,0.0,3683.0,42170.5,8081.375,22966.0,4127.125,23.1125,22.1875,29.15,18.3,21.75,14.55,16.25,81.8375,10.262500000000001,0.2625,2.5875000000000004,1.2,3.8374999999999995,21.100000000000005,2409.375,76.99999999999999,14.5,8.4875,0.025,4.3374999999999995,22534,37,10,12,0.19703559066299814
63,falls,48145000483.333336,21.900000000000002,51.46666666666667,25.116666666666664,0.05000000000000001,0.23333333333333336,0.049999999999999996,2165.0,39522.5,7512.5,16748.666666666668,2367.0,21.816666666666666,31.33333333333333,25.21666666666667,21.55,22.049999999999997,15.033333333333333,16.166666666666668,76.23333333333333,13.283333333333331,2.3833333333333333,2.8000000000000003,2.3333333333333335,2.9499999999999997,24.78333333333333,1011.3333333333334,70.43333333333334,21.533333333333335,7.766666666666667,0.25,7.466666666666666,10438,0,2494,12,0.0
64,fannin,48147950500.666664,9.322222222222223,80.93333333333332,6.322222222222222,0.28888888888888886,0.5666666666666668,0.044444444444444446,2810.8888888888887,44583.0,6925.666666666667,20844.333333333332,2229.222222222222,17.41111111111111,22.07777777777778,30.91111111111111,16.966666666666665,22.04444444444444,12.733333333333333,17.355555555555558,81.87777777777778,10.477777777777776,0.044444444444444446,1.2888888888888888,1.2888888888888888,5.033333333333334,29.711111111111116,1473.2222222222222,73.35555555555555,19.366666666666667,7.155555555555556,0.1111111111111111,6.488888888888889,20809,49,15,12,0.4238550627132491
65,fayette,48149970400.0,16.514285714285716,76.0,6.8999999999999995,0.028571428571428574,0.09999999999999999,0.028571428571428574,2631.4285714285716,48981.71428571428,7733.285714285715,29636.714285714286,4779.428571428572,11.214285714285712,13.742857142857144,24.071428571428573,16.685714285714287,25.514285714285712,16.87142857142857,16.857142857142858,82.91428571428571,9.585714285714285,0.17142857142857143,1.6428571428571428,1.0285714285714285,4.714285714285714,24.414285714285715,1667.0,76.22857142857143,13.471428571428572,10.057142857142855,0.2857142857142857,2.228571428571429,16583,106,26,12,1.9943315443526504
66,floyd,48153950550.0,55.25,40.400000000000006,2.5,0.05,0.1,0.0,2051.0,41345.5,8279.0,22474.5,3310.5,22.15,37.5,29.65,15.65,18.75,21.799999999999997,14.2,81.94999999999999,9.25,0.0,2.3,0.55,6.050000000000001,15.05,1300.0,72.55,17.6,9.75,0.1,7.75,3970,6,2,12,0.036272040302267
67,foard,48155950100.0,11.6,84.5,2.9,0.0,0.9,0.0,929.0,36477.0,7406.0,22871.0,3715.0,9.8,6.3,31.8,13.5,35.4,11.7,7.6,88.3,8.4,0.0,1.6,0.0,1.8,18.0,446.0,60.8,24.9,13.5,0.9,9.7,914,6,2,12,0.1575492341356674
68,franklin,48159950200.0,16.2,76.06666666666666,6.1000000000000005,0.3333333333333333,0.03333333333333333,0.13333333333333333,2529.0,39862.333333333336,10014.333333333334,24789.0,5404.666666666667,19.366666666666664,27.766666666666666,24.96666666666667,19.933333333333334,22.100000000000005,14.100000000000001,18.866666666666667,81.56666666666668,8.866666666666667,0.0,3.733333333333334,1.2,4.6,24.566666666666666,1436.3333333333333,72.0,14.666666666666666,12.300000000000002,1.0333333333333332,7.099999999999999,6807,24,8,12,0.3384750991626267
69,freestone,48161000457.14286,13.828571428571427,64.60000000000001,19.47142857142857,0.4142857142857143,0.15714285714285717,0.0,2013.142857142857,45421.42857142857,11481.285714285714,23794.714285714286,3623.714285714286,14.22857142857143,24.057142857142857,26.0,23.057142857142857,19.442857142857143,15.3,16.228571428571428,83.50000000000001,11.542857142857143,0.6,1.6714285714285713,0.9428571428571428,1.757142857142857,24.342857142857145,1124.0,73.54285714285716,19.599999999999998,6.714285714285714,0.17142857142857143,5.1571428571428575,11956,39,2475,12,96.8802275008364
70,frio,48163950200.0,77.2,17.3,4.466666666666667,0.0,0.39999999999999997,0.0,3931.0,35754.0,8945.333333333334,16496.666666666668,3827.0,23.0,32.1,17.333333333333332,28.73333333333333,19.233333333333334,19.333333333333332,15.333333333333334,83.03333333333333,10.800000000000002,0.13333333333333333,3.6333333333333333,1.8999999999999997,0.5,17.76666666666667,2206.0,80.86666666666666,15.299999999999999,3.766666666666667,0.09999999999999999,5.333333333333333,8606,30,9,12,0.3764815245177783
71,gaines,48165950200.0,46.76666666666667,50.0,1.8666666666666665,0.2333333333333333,0.5333333333333333,0.19999999999999998,3301.6666666666665,57070.666666666664,11499.333333333334,21825.333333333332,3288.6666666666665,11.833333333333334,12.666666666666664,22.833333333333332,12.466666666666667,19.03333333333333,27.700000000000003,17.966666666666665,77.93333333333334,15.933333333333332,0.0,3.766666666666667,0.5,1.8666666666666665,16.166666666666668,2622.6666666666665,75.43333333333334,14.0,10.6,0.0,4.5,8926,18,4,12,0.09679587721263724
72,galveston,48167726991.32836,24.316666666666666,54.28030303030306,16.657575757575753,0.30454545454545456,2.787878787878788,0.009090909090909092,3217.6567164179105,57612.045454545456,10794.045454545454,29806.166666666668,4404.621212121212,17.35151515151514,26.03939393939394,35.345454545454544,20.67727272727273,23.28484848484849,10.398484848484852,10.289393939393936,77.08333333333333,11.327272727272728,1.465151515151515,3.1742424242424248,3.492424242424242,3.4530303030303022,25.212121212121207,2144.492537313433,74.24545454545454,19.09848484848485,6.468181818181817,0.19090909090909092,9.004545454545452,206534,151,35,12,0.30706808564207344
73,garza,48169950100.0,56.0,39.0,4.5,0.3,0.1,0.0,2914.0,48508.0,5305.0,18125.0,8610.0,10.4,14.3,24.0,21.9,22.3,15.9,15.9,76.1,17.2,0.0,3.3,2.9,0.6,18.4,2018.0,70.5,17.5,12.0,0.0,2.0,2452,22,6,12,0.6460032626427407
74,gillespie,48171950300.0,20.560000000000002,77.74,0.25999999999999995,0.02,0.13999999999999999,0.0,3833.2,54490.4,7150.0,30733.4,4101.0,10.919999999999998,17.419999999999998,35.120000000000005,20.4,21.32,13.48,9.66,74.62,15.26,0.48,2.7600000000000002,2.4,4.5,20.419999999999998,2246.0,73.56,11.379999999999999,14.7,0.4,6.38,18096,90,13,12,0.7758620689655172
75,glasscock,48173950100.0,34.1,65.9,0.0,0.0,0.0,0.0,706.0,67303.0,17246.0,35054.0,6846.0,3.4,0.0,44.1,5.0,19.2,27.3,4.4,81.1,5.8,0.0,2.6,1.2,9.3,21.0,499.0,68.5,17.0,14.4,0.0,2.5,783,16,4,12,0.9808429118773946
76,goliad,48175960150.0,35.900000000000006,58.5,5.0,0.0,0.05,0.1,2857.5,51977.0,4241.0,29627.0,5127.5,18.4,30.75,29.6,17.05,21.3,13.75,18.200000000000003,76.35,14.55,0.0,3.0,0.0,6.1,27.85,1481.0,70.05,21.85,7.85,0.25,9.65,5263,33,9,12,0.6771803154094623
77,gonzales,48177000350.0,49.20000000000001,42.949999999999996,6.383333333333334,0.08333333333333333,0.09999999999999999,0.0,2094.6666666666665,43141.833333333336,7179.666666666667,21152.5,3380.1666666666665,20.933333333333334,28.816666666666666,21.916666666666668,17.933333333333334,23.016666666666666,18.650000000000002,18.516666666666666,72.8,17.2,2.1333333333333333,2.6,1.0333333333333332,4.166666666666667,21.05,1403.6666666666667,77.88333333333334,13.299999999999997,8.4,0.45,6.366666666666667,12210,40,14,12,0.5503685503685504
78,gray,48179950485.71429,30.98571428571429,61.542857142857144,4.085714285714286,0.7428571428571429,0.39999999999999997,0.08571428571428572,2259.1428571428573,45925.71428571428,8350.0,20067.571428571428,2650.5714285714284,15.114285714285714,18.37142857142857,21.428571428571427,16.614285714285717,23.17142857142857,20.842857142857138,17.885714285714286,81.97142857142858,14.728571428571428,0.0,1.1999999999999997,1.3714285714285714,0.7000000000000001,20.400000000000002,1349.142857142857,81.74285714285715,11.285714285714286,6.957142857142857,0.028571428571428574,6.142857142857143,12493,19,7,12,0.1277515408628832
79,grayson,48181000970.26923,12.165384615384614,76.77692307692308,6.16923076923077,1.3115384615384613,1.0692307692307694,0.07692307692307694,3420.5384615384614,46366.269230769234,7723.2692307692305,24520.615384615383,3187.076923076923,16.876923076923074,22.15769230769231,29.75384615384617,19.38076923076923,24.003846153846155,11.746153846153847,15.119230769230764,77.08461538461539,13.865384615384615,0.39615384615384613,2.1499999999999995,1.4076923076923076,5.107692307692308,24.83846153846154,2109.0384615384614,78.28076923076924,13.711538461538463,7.700000000000003,0.3038461538461539,8.338461538461537,80942,141,23,12,0.4807887129055373
80,gregg,48183043036.36,19.095833333333335,56.18333333333334,21.5625,0.3916666666666668,1.3375000000000001,0.22499999999999998,3373.68,45976.375,7611.25,23491.583333333332,3211.9583333333335,19.333333333333332,26.916666666666668,25.79583333333333,18.47083333333333,25.35416666666667,12.304166666666665,18.083333333333336,83.8291666666667,10.104166666666666,0.5916666666666667,1.8791666666666664,1.5166666666666668,2.0791666666666666,19.695833333333336,2216.08,85.60416666666664,9.275,5.045833333333333,0.09999999999999999,6.516666666666667,66187,84,18,12,0.27413238249203015
81,grimes,48185180234.333336,21.28333333333333,60.46666666666667,15.966666666666669,0.3333333333333333,0.13333333333333333,0.0,3219.8333333333335,45859.833333333336,12540.0,18889.666666666668,3071.0,22.566666666666666,27.816666666666666,21.88333333333333,19.55,27.383333333333336,14.633333333333333,16.51666666666667,79.8,12.816666666666668,0.0,3.866666666666667,1.0833333333333333,2.433333333333333,29.599999999999998,1658.5,73.51666666666667,18.633333333333333,7.783333333333334,0.06666666666666667,5.733333333333333,16000,42,2253,12,70.9695
82,guadalupe,48187210616.0,36.39999999999999,52.893103448275866,6.389655172413794,0.23448275862068968,1.7379310344827583,0.006896551724137932,3460.2758620689656,64531.03448275862,10199.586206896553,27105.41379310345,3138.310344827586,9.903448275862067,13.348275862068967,33.682758620689654,16.52068965517241,24.74827586206896,10.427586206896551,14.606896551724137,83.97241379310344,10.227586206896554,0.24482758620689654,0.7793103448275861,1.0310344827586206,3.7413793103448274,25.01379310344828,2304.206896551724,76.96551724137932,17.71379310344828,5.027586206896551,0.2793103448275862,5.56896551724138,99012,143,34,12,0.5892619076475579
83,hale,48189950500.0,57.711111111111094,36.00000000000001,4.355555555555555,0.06666666666666667,0.41111111111111115,0.0,2583.1111111111113,42609.555555555555,7762.777777777777,17777.88888888889,2587.3333333333335,22.77777777777778,33.73333333333333,23.51111111111111,21.333333333333332,20.366666666666667,17.4,17.388888888888893,82.72222222222223,10.477777777777778,0.41111111111111115,1.2333333333333334,1.3333333333333333,3.822222222222222,16.466666666666665,1585.0,76.28888888888888,16.133333333333336,7.422222222222222,0.17777777777777778,7.900000000000001,19347,47,15,12,0.43727709722437585
84,hall,48191950500.0,34.1,57.7,7.1,0.0,0.3,0.0,2212.0,30950.0,4283.0,17378.0,2513.0,26.9,39.9,20.6,23.9,21.9,25.9,7.7,84.2,8.3,0.2,3.3,2.5,1.4,16.0,1214.0,70.9,15.0,10.1,4.0,11.5,1989,8,4,12,0.19306184012066366
85,hamilton,48193950200.0,11.200000000000001,86.5,0.9666666666666667,0.43333333333333335,0.19999999999999998,0.03333333333333333,2126.0,43633.666666666664,8554.333333333334,24723.333333333332,4486.666666666667,14.200000000000001,16.833333333333332,29.099999999999998,20.8,21.53333333333333,18.433333333333334,10.133333333333333,76.93333333333334,13.366666666666665,0.0,5.5,0.46666666666666673,3.766666666666667,21.799999999999997,1093.0,72.13333333333334,18.333333333333332,7.833333333333333,1.6666666666666667,5.3,5606,34,9,12,0.655012486621477
86,hansford,48195950200.0,45.35,53.5,0.1,0.2,0.44999999999999996,0.0,1570.5,44277.0,8637.5,23854.0,3558.0,16.25,24.299999999999997,29.700000000000003,13.05,16.6,23.25,17.4,82.4,10.35,0.0,1.55,3.05,2.5999999999999996,14.7,1314.5,71.19999999999999,18.200000000000003,10.45,0.15,2.1,3034,48,7,12,1.3289386947923534
87,harris,48201396160.49236,41.43727735368954,31.896437659033058,18.843256997455466,0.18346055979643758,6.156234096692113,0.05547073791348599,3173.960559796438,59716.10243277849,10489.312419974392,30123.901910828026,4514.247133757962,19.014413265306118,26.681609195402295,32.91984732824431,18.160305343511453,23.113994910941464,12.318956743002552,13.487786259542002,78.18778625954194,11.32086513994909,3.3055979643765907,1.7300254452926225,2.108778625954195,3.34732824427481,27.481656050955397,2648.7137404580153,83.47124681933839,9.802544529262091,6.582824427480911,0.14249363867684475,7.990330788804069,2258976,4943,730,12,19.168278016233906
88,harrison,48203020381.14286,13.564285714285713,61.90714285714285,22.57857142857143,0.24285714285714285,0.4999999999999999,0.0,3344.0714285714284,45586.857142857145,9032.92857142857,23639.85714285714,4382.714285714285,18.092857142857145,26.014285714285723,31.000000000000004,15.950000000000001,22.050000000000004,14.192857142857145,16.77857142857143,86.65,7.35,0.09999999999999999,0.8142857142857144,1.6285714285714286,3.414285714285714,21.042857142857144,2046.4285714285713,80.92857142857143,13.485714285714284,5.471428571428571,0.10714285714285714,7.67857142857143,42585,139,26,12,1.0183867558999649
89,hartley,48205950200.0,25.6,63.6,8.4,0.0,0.1,0.0,4367.0,63004.0,4591.0,21740.0,2340.0,6.4,9.3,38.6,15.4,21.0,17.7,7.3,82.4,8.3,0.0,2.7,1.2,5.4,12.7,2290.0,72.1,15.1,12.4,0.4,2.1,2652,20,3,12,0.27149321266968324
90,hays,48209010680.08,33.592000000000006,60.08000000000001,3.032,0.25199999999999995,1.3199999999999996,0.06,5056.56,62382.36,9185.08,28141.08,3885.68,19.451999999999998,21.264,37.368,18.284000000000002,27.399999999999995,8.792,8.159999999999998,76.404,11.596000000000002,0.9440000000000001,2.4680000000000004,2.116,6.4639999999999995,29.18,3489.32,73.81199999999998,18.703999999999997,7.260000000000002,0.228,6.691999999999999,127029,155,40,12,0.5856930307252675
91,hemphill,48211950300.0,33.0,64.0,1.0,0.4,0.3,0.0,2453.0,62813.0,4638.0,30082.0,4159.0,12.3,22.2,28.9,16.6,25.3,19.2,10.1,77.4,15.7,0.0,2.4,0.7,3.8,17.6,1812.0,71.1,16.4,12.5,0.0,3.7,2194,17,8,12,0.7438468550592525
92,henderson,48213950759.35294,10.511764705882351,80.6705882352941,6.347058823529411,0.7941176470588234,0.511764705882353,0.11764705882352941,3443.3529411764707,41187.23529411765,8394.941176470587,22441.41176470588,3403.235294117647,19.21764705882353,29.094117647058823,26.876470588235296,19.54117647058823,24.482352941176476,14.529411764705886,14.594117647058825,79.6470588235294,14.435294117647057,0.11764705882352941,1.3176470588235296,0.6705882352941177,3.841176470588235,29.04705882352941,1790.6470588235295,74.41764705882353,14.74705882352941,10.758823529411764,0.06470588235294118,7.952941176470589,50899,130,26,12,0.796872237175583
93,hidalgo,48215030808.92036,90.66696428571427,7.658035714285714,0.4723214285714285,0.058035714285714295,0.9267857142857141,0.0125,3400.212389380531,35595.96428571428,7555.535714285715,14829.535714285714,2537.0178571428573,34.265178571428564,45.874999999999986,24.74642857142857,24.51696428571429,25.916071428571417,13.34464285714285,11.486607142857137,78.57589285714286,10.491071428571427,0.26875000000000004,1.3169642857142858,4.592857142857143,4.758928571428572,21.933035714285722,2637.433628318584,70.93124999999999,16.788392857142863,12.09375,0.19017857142857145,10.09375,362952,355,74,12,0.8685446009389671
94,hill,48217960700.0,22.536363636363635,67.90909090909089,8.09090909090909,0.29090909090909095,0.4636363636363636,0.0,2253.181818181818,39638.27272727273,6432.454545454545,20242.363636363636,2710.6363636363635,22.62727272727273,34.07272727272728,23.254545454545454,19.690909090909088,24.645454545454548,15.936363636363637,16.509090909090908,78.23636363636363,14.454545454545457,0.12727272727272726,1.4363636363636365,1.7999999999999998,3.9545454545454546,26.709090909090904,1297.3636363636363,77.68181818181817,14.70909090909091,7.227272727272726,0.35454545454545455,8.318181818181817,22284,97,22,12,1.1491653204092622
95,hockley,48219950400.0,43.92857142857143,50.74285714285715,3.0571428571428574,0.4142857142857143,0.2857142857142857,0.014285714285714287,2287.4285714285716,49970.857142857145,8913.142857142857,23177.285714285714,3103.285714285714,14.328571428571427,17.157142857142855,27.785714285714285,17.585714285714285,23.285714285714285,17.542857142857144,13.814285714285713,77.3142857142857,16.957142857142856,0.08571428571428572,2.4,0.6571428571428571,2.5857142857142854,21.228571428571428,1532.7142857142858,75.62857142857142,16.12857142857143,7.914285714285714,0.32857142857142857,6.914285714285714,13582,39,14,12,0.4824031806803122
96,hood,48221160215.2,11.07,85.82999999999998,0.96,0.7799999999999999,0.47999999999999987,0.0,4036.9,55996.6,11008.8,30007.3,4363.0,11.91,17.4,34.3,15.779999999999998,23.780000000000005,14.55,11.6,82.55000000000001,9.1,0.1,1.59,0.8400000000000001,5.83,31.98,2220.8,78.41999999999999,10.690000000000001,10.379999999999999,0.51,5.13,40157,86,10,12,0.25699130911173645
97,houston,48225950400.0,10.0,61.74285714285713,26.08571428571429,0.15714285714285717,0.11428571428571428,0.0,2567.0,33326.71428571428,7174.714285714285,18020.0,2720.8571428571427,24.500000000000004,37.60000000000001,24.428571428571427,21.842857142857145,25.2,13.142857142857142,15.35714285714286,79.65714285714286,11.685714285714287,0.07142857142857142,1.6428571428571426,1.0857142857142856,5.885714285714286,25.942857142857147,1099.142857142857,67.52857142857142,23.028571428571432,8.942857142857145,0.4857142857142857,6.9142857142857155,13090,68,21,12,1.309090909090909
98,howard,48227950530.3,38.730000000000004,53.660000000000004,4.58,0.6,0.8200000000000001,0.33,2536.9,49519.2,8015.5,23168.4,3863.8,16.6,22.259999999999998,26.689999999999998,22.52,20.07,14.37,16.339999999999996,78.59,16.58,0.22999999999999998,1.8599999999999999,0.8700000000000001,1.89,17.78,1392.4,72.0,22.94,4.99,0.08,6.5,16893,23,6,12,0.09802876931273309
99,hudspeth,48229950300.0,78.4,19.3,1.1,0.0,0.8,0.0,1546.0,26384.0,2873.0,15990.0,2746.0,40.3,63.8,24.0,30.4,15.6,17.7,12.3,69.9,14.0,0.0,1.5,4.0,10.6,22.9,1141.0,57.6,33.0,9.3,0.1,5.7,1856,20,5,12,0.646551724137931
100,hutchinson,48233950671.42857,25.97142857142857,67.62857142857143,2.885714285714286,1.0142857142857145,0.5285714285714286,0.05714285714285715,2183.714285714286,44305.0,9411.57142857143,23538.571428571428,3556.5714285714284,19.814285714285717,26.400000000000002,22.657142857142855,17.62857142857143,22.12857142857143,21.58571428571429,15.971428571428572,81.44285714285715,13.057142857142855,0.32857142857142857,1.9,0.9285714285714286,2.3285714285714287,17.985714285714284,1335.2857142857142,81.47142857142856,12.142857142857144,6.157142857142857,0.24285714285714288,4.857142857142857,13509,38,8,12,0.270042194092827
101,irion,48235950100.0,25.1,71.7,0.0,0.0,0.0,0.0,1258.0,58500.0,7101.0,30963.0,4352.0,11.6,19.9,36.8,12.3,19.9,13.8,17.3,79.4,0.9,0.4,4.4,1.1,13.8,22.9,805.0,57.9,21.1,18.5,2.5,4.4,1314,11,1,12,0.1004566210045662
102,jack,48237950300.0,15.866666666666665,78.26666666666667,5.133333333333334,0.3,0.03333333333333333,0.0,2262.0,49637.666666666664,10956.666666666666,23410.666666666668,3721.0,16.566666666666666,29.0,24.3,14.266666666666666,20.400000000000002,21.8,19.233333333333334,82.56666666666666,10.299999999999999,0.0,1.7666666666666666,0.9666666666666667,4.433333333333334,28.23333333333333,1116.0,74.5,15.133333333333333,9.4,0.9666666666666667,5.633333333333333,5079,14,4,12,0.132309509746013
103,jackson,48239950200.0,31.2,59.36666666666667,8.066666666666666,0.0,0.2333333333333333,0.06666666666666667,3337.6666666666665,55189.0,5862.333333333333,25812.0,3413.6666666666665,12.733333333333334,15.966666666666667,26.266666666666666,15.200000000000001,19.3,19.333333333333336,19.933333333333334,80.2,11.200000000000001,1.0,0.9666666666666668,0.3,6.333333333333333,24.666666666666668,2083.6666666666665,75.66666666666667,13.5,9.700000000000001,1.1666666666666667,5.3,10174,24,9,12,0.25476705327304894
104,jefferson,48245032571.0274,19.041666666666664,38.029166666666676,37.36250000000002,0.1986111111111111,3.8541666666666665,0.03888888888888889,2402.3150684931506,43442.40579710145,9836.260869565218,22680.277777777777,4363.875,21.904347826086955,29.56376811594202,25.543478260869566,21.272463768115955,23.821739130434782,13.557971014492757,15.800000000000004,86.15362318840576,8.749275362318839,0.9347826086956522,1.2594202898550724,1.5376811594202895,1.3666666666666665,19.721739130434784,1413.7397260273972,82.431884057971,13.28695652173913,4.197101449275363,0.08260869565217391,10.091304347826087,149172,226,39,12,0.7090338669455394
105,johnson,48251130419.85714,20.264285714285716,73.79285714285716,2.650000000000001,0.46785714285714286,0.7142857142857144,0.4678571428571429,3836.8571428571427,58654.642857142855,10388.0,25218.821428571428,3495.5,12.974999999999996,18.396428571428572,30.164285714285715,14.907142857142858,23.971428571428564,13.142857142857148,17.810714285714283,84.17142857142858,9.14642857142857,0.22857142857142856,1.2464285714285717,1.182142857142857,4.0178571428571415,29.68928571428571,2462.5,81.11785714285715,13.085714285714285,5.610714285714285,0.18214285714285713,7.467857142857142,97281,159,28,12,0.5491719863077066
106,jones,48253020267.166664,24.216666666666665,64.66666666666667,8.833333333333334,0.4000000000000001,0.13333333333333333,0.0,2657.6666666666665,43294.2,14615.8,19325.833333333332,6285.5,18.76,25.360000000000003,29.04,19.7,24.880000000000003,14.3,12.0,78.72,15.319999999999999,0.0,1.48,1.6,2.9,21.419999999999998,833.8333333333334,68.49999999999999,21.06,9.92,0.4800000000000001,3.9599999999999995,9565,32,10,12,0.4014636696288552
107,karnes,48255970250.0,49.35,45.15,5.05,0.05,0.15,0.0,2832.75,50402.25,14679.0,28797.25,5601.25,22.125,36.275000000000006,28.474999999999998,17.775,24.2,17.875,11.725,82.05,12.0,0.25,1.9249999999999998,1.175,2.575,25.5,1312.75,68.22500000000001,23.15,8.075,0.5750000000000001,6.125,8071,43,14,12,0.8950563746747615
108,kaufman,48257050640.55556,21.03333333333334,65.64444444444445,9.822222222222221,0.4222222222222222,0.7555555555555555,0.23888888888888887,4059.8333333333335,58745.166666666664,12035.722222222223,23751.777777777777,3079.6111111111113,15.883333333333335,21.84444444444445,30.922222222222217,16.76111111111111,26.355555555555554,11.955555555555556,14.016666666666666,81.89444444444445,12.61111111111111,0.6555555555555556,0.7055555555555556,1.2166666666666668,2.9166666666666665,32.29444444444445,2742.1666666666665,77.81111111111112,16.083333333333332,6.044444444444445,0.05555555555555555,9.08888888888889,72976,125,29,12,0.5960863845647885
109,kendall,48259970334.333336,22.05,75.15,0.6666666666666666,0.03333333333333333,0.65,0.03333333333333333,4536.666666666667,73732.66666666667,16047.833333333334,35157.5,4708.166666666667,7.733333333333333,12.666666666666666,45.53333333333333,16.733333333333334,23.13333333333333,8.966666666666667,5.616666666666667,76.33333333333333,12.216666666666667,0.2333333333333333,2.15,1.3166666666666667,7.75,29.26666666666667,2766.1666666666665,74.06666666666666,15.216666666666669,10.716666666666667,0.0,4.583333333333333,29446,48,11,12,0.21517353800176595
110,kenedy,48261970050.0,66.2,33.6,0.0,0.0,0.2,0.0,158.0,36438.0,10695.0,14251.0,3914.0,26.7,39.3,24.9,34.1,20.5,20.5,0.0,94.6,0.0,0.0,5.4,0.0,0.0,16.6,92.5,51.9,48.1,0.0,0.0,0.0,311,12,6,12,2.7781350482315115
111,kent,48263950100.0,17.9,81.5,0.2,0.4,0.0,0.0,637.0,47024.0,8739.0,27962.0,4474.0,9.6,24.8,39.7,16.3,16.8,17.8,9.3,72.8,8.3,0.0,13.5,1.8,3.6,9.7,398.0,49.7,38.9,10.1,1.3,1.5,589,16,6,12,1.9558573853989814
112,kerr,48265960430.6,26.04,70.08000000000001,1.3299999999999998,0.26,1.0,0.05,3884.2,47165.3,8849.1,26668.2,4776.3,15.48,20.830000000000002,31.85,22.470000000000002,26.090000000000003,11.709999999999999,7.92,79.65,12.540000000000001,0.06,1.29,1.01,5.45,20.39,2052.3,72.98999999999998,16.21,10.700000000000001,0.08,8.15,32954,131,20,12,0.9540571706014445
113,kimble,48267950150.0,24.450000000000003,74.69999999999999,0.0,0.25,0.0,0.0,1795.5,38722.0,6028.5,26522.5,6673.5,21.1,25.75,29.7,16.5,26.6,16.65,10.55,73.45,19.5,0.0,1.6,2.4499999999999997,3.1,17.9,1064.5,68.1,18.049999999999997,13.25,0.65,7.6000000000000005,2885,20,4,12,0.3327556325823224
114,king,48269950100.0,24.7,75.3,0.0,0.0,0.0,0.0,199.0,63250.0,21355.0,30269.0,7395.0,7.1,10.5,34.3,10.2,13.9,39.2,2.4,88.6,0.0,0.0,7.8,0.0,3.6,11.6,166.0,72.9,21.1,6.0,0.0,5.1,176,8,4,12,2.1818181818181817
115,kleberg,48273181916.666664,71.82000000000001,21.98,3.54,0.08,1.92,0.0,3785.5,38230.6,7353.6,18974.6,2739.6,26.1,32.14,29.76,23.82,18.640000000000004,17.92,9.819999999999999,72.94,17.04,0.0,6.200000000000001,1.8400000000000003,2.02,18.1,2244.3333333333335,70.74000000000001,24.639999999999997,4.4,0.22000000000000003,11.459999999999997,18186,68,17,12,0.7627845595513032
116,knox,48275950150.0,32.75,60.45,6.5,0.1,0.1,0.0,1328.0,39823.5,5332.0,20150.5,2127.5,16.2,24.7,27.45,16.799999999999997,19.15,28.049999999999997,8.55,77.85,15.8,0.0,2.55,2.2,1.6,17.45,767.0,67.05000000000001,25.3,6.9,0.75,6.6,2439,9,3,12,0.13284132841328414
117,lamar,48277000500.5,6.733333333333333,72.80833333333332,14.941666666666668,0.3999999999999999,0.7916666666666666,0.19999999999999998,3047.0833333333335,40839.0,6300.25,20919.666666666668,2867.3333333333335,21.10833333333333,31.25,25.29166666666666,20.250000000000004,25.125,12.008333333333333,17.308333333333334,81.78333333333333,10.075000000000001,0.016666666666666666,2.0833333333333335,2.983333333333334,3.041666666666666,18.258333333333333,1746.0833333333333,80.48333333333333,13.0,6.3,0.2333333333333333,8.116666666666669,29654,85,32,12,1.1006946786268295
118,lamb,48279950340.0,53.67999999999999,41.74,3.6399999999999997,0.24000000000000005,0.16,0.0,1798.6,39961.4,4768.4,21381.6,3081.0,22.38,33.6,30.76,14.64,18.06,21.040000000000003,15.52,79.17999999999999,10.879999999999999,0.0,3.5599999999999996,2.28,4.08,15.459999999999999,1141.8,74.55999999999999,15.059999999999999,10.26,0.1,5.700000000000001,7619,34,6,12,0.3213020081375509
119,lampasas,48281950320.6,19.580000000000002,73.5,3.38,0.16,0.96,0.06,2928.4,48259.8,8515.0,23824.0,2911.0,15.920000000000002,24.119999999999997,31.040000000000003,20.919999999999998,19.48,16.560000000000002,12.0,73.56,17.380000000000003,0.15999999999999998,2.98,3.08,2.8600000000000003,27.360000000000003,1649.0,66.18,26.22,7.58,0.0,8.559999999999999,14089,27,5,12,0.11498332032081766
120,lavaca,48285000350.0,18.666666666666668,73.55,6.8,0.016666666666666666,0.35000000000000003,0.0,2340.6666666666665,49346.333333333336,6645.666666666667,26992.166666666668,3355.1666666666665,9.15,10.733333333333333,31.91666666666666,14.633333333333335,19.183333333333334,14.033333333333331,20.266666666666666,80.08333333333333,12.383333333333333,0.39999999999999997,1.7833333333333332,0.9166666666666666,4.416666666666667,25.75,1488.1666666666667,73.73333333333333,14.250000000000002,11.966666666666669,0.06666666666666667,3.9000000000000004,13244,67,19,12,1.1534279673814558
121,lee,48287000250.0,20.9,66.325,11.3,0.0,0.55,0.0,3004.25,54925.0,9429.0,25848.0,4086.5,13.399999999999999,16.175,25.075000000000003,22.2,23.700000000000003,13.825,15.200000000000001,79.875,13.274999999999999,0.1,2.3,0.9249999999999999,3.5,25.575000000000003,1926.5,74.475,16.425,8.6,0.475,4.725,10453,39,8,12,0.35817468669281544
122,leon,48289950200.0,12.533333333333333,78.43333333333334,7.266666666666667,0.3333333333333333,0.39999999999999997,0.0,4095.3333333333335,49095.0,8941.0,29403.666666666668,5887.333333333333,13.933333333333332,23.866666666666664,31.26666666666667,13.799999999999999,21.599999999999998,19.0,14.300000000000002,80.76666666666667,9.1,0.13333333333333333,3.266666666666667,1.366666666666667,5.366666666666667,27.2,2224.3333333333335,69.66666666666667,13.633333333333333,16.400000000000002,0.3666666666666667,7.633333333333333,11155,67,17,12,1.225280143433438
123,limestone,48293970450.0,21.525,58.21249999999999,18.5625,0.23750000000000002,0.575,0.05,2034.625,36921.0,6925.0,19321.125,3101.375,23.1625,39.625,27.8125,23.650000000000002,18.125,13.6125,16.775000000000002,80.33749999999999,13.025,0.025,1.7625000000000002,1.0375,3.8499999999999996,20.712500000000002,1173.0,62.0625,27.6,10.3,0.025,7.3,12943,71,21,12,1.38236884802596
124,lipscomb,48295950250.0,26.75,69.35,0.25,0.95,0.7,0.0,1093.5,64859.0,9756.0,30005.0,3976.5,9.15,10.6,32.7,9.95,16.4,20.7,20.3,79.05,11.8,0.25,2.15,4.8,1.95,20.65,831.0,71.6,15.5,12.45,0.5,5.050000000000001,1991,16,4,12,0.3857358111501758
125,llano,48299970350.0,7.95,89.89999999999999,1.5333333333333332,0.09999999999999999,0.13333333333333333,0.0,2655.3333333333335,50831.333333333336,12857.333333333334,38040.833333333336,7347.5,13.266666666666667,18.25,33.96666666666666,18.616666666666667,28.516666666666666,9.516666666666666,9.383333333333333,71.39999999999999,11.25,0.0,3.5,1.6666666666666667,12.200000000000001,24.616666666666664,1224.6666666666667,71.58333333333334,12.200000000000001,15.966666666666669,0.2333333333333333,5.766666666666666,15744,42,9,12,0.28810975609756095
126,lubbock,48303018680.95588,33.39253731343284,55.73432835820896,6.986567164179104,0.2731343283582089,1.8701492537313436,0.03731343283582089,3110.1176470588234,48419.94029850746,8533.626865671642,24830.44776119403,3858.8507462686566,21.33731343283583,26.93134328358209,33.50597014925373,21.143283582089555,25.389552238805976,9.764179104477616,10.201492537313431,80.20746268656718,11.798507462686567,0.946268656716418,2.410447761194031,1.6641791044776124,2.976119402985075,16.616417910447765,2080.779411764706,76.59999999999998,16.646268656716426,6.5343283582089535,0.23432835820895523,6.628358208955224,176056,225,37,12,0.5674330894715318
127,lynn,48305950500.0,47.96666666666666,49.166666666666664,0.9333333333333332,1.2333333333333334,0.3,0.06666666666666667,1319.6666666666667,38951.0,6217.333333333333,22856.666666666668,3452.6666666666665,19.566666666666666,31.666666666666668,29.333333333333332,16.133333333333336,24.866666666666664,20.566666666666666,9.066666666666666,77.39999999999999,13.800000000000002,0.16666666666666666,3.5,0.0,5.1,20.73333333333333,803.0,65.66666666666667,21.266666666666666,13.1,0.0,10.433333333333332,3895,24,10,12,0.7394094993581515
128,madison,48313000250.0,17.525,67.0,13.15,0.15000000000000002,0.175,0.1,2745.25,43335.75,8767.0,19318.0,3415.75,16.275,23.575000000000003,28.450000000000003,19.725,22.375000000000004,18.625,10.8,78.25,10.3,0.0,6.525,1.7750000000000001,3.125,24.799999999999997,1048.5,64.975,21.95,12.175,0.875,4.825,7300,20,6,12,0.19726027397260273
129,marion,48315950250.0,3.95,70.2,23.75,0.22499999999999998,1.45,0.0,2092.0,35382.25,8528.5,23004.75,4402.5,22.1,35.2,26.775000000000002,21.924999999999997,19.475,14.175,17.625,79.525,8.875,0.35,3.7249999999999996,1.7999999999999998,5.6000000000000005,28.875,985.0,78.5,15.3,6.025,0.125,7.875,7222,39,10,12,0.6480199390750485
130,martin,48317950150.0,39.349999999999994,57.95,1.65,0.4,0.0,0.35,1677.5,55407.5,22454.0,28380.5,5793.5,12.15,14.600000000000001,26.85,18.200000000000003,17.9,26.05,11.05,71.85,18.2,0.0,3.75,1.4,4.9,17.700000000000003,1171.0,75.0,12.600000000000001,12.4,0.0,2.7,3253,21,6,12,0.46480172148785737
131,mason,48319950150.0,24.849999999999998,71.4,0.05,0.55,3.15,0.0,1517.0,41469.5,8045.5,25392.0,3744.0,14.5,21.15,23.700000000000003,22.15,19.549999999999997,25.5,9.100000000000001,73.9,15.049999999999999,0.0,3.95,1.65,5.5,20.549999999999997,1009.0,66.4,11.649999999999999,21.450000000000003,0.55,6.8500000000000005,2956,10,4,12,0.16238159675236807
132,matagorda,48321753964.545456,36.15999999999999,48.279999999999994,11.79,0.47000000000000003,1.54,0.18,2256.090909090909,44482.6,13689.5,22746.9,4349.7,20.36,31.869999999999997,23.779999999999994,18.83,22.16,19.559999999999995,15.649999999999997,78.72,15.26,0.52,2.73,0.78,2.0100000000000002,22.97,1443.090909090909,77.22999999999999,15.13,7.639999999999999,0.0,6.06,21662,99,18,12,0.9871664666235804
133,maverick,48323950412.55556,95.15555555555555,3.3777777777777778,0.1111111111111111,0.7444444444444444,0.4666666666666667,0.011111111111111112,2990.1111111111113,31708.777777777777,7085.0,14876.111111111111,2319.3333333333335,27.455555555555556,37.42222222222222,20.255555555555556,27.933333333333334,21.766666666666666,13.988888888888889,16.044444444444444,77.1222222222222,16.01111111111111,0.5666666666666668,2.766666666666667,2.3666666666666667,1.1777777777777776,20.944444444444446,2256.5555555555557,71.46666666666667,22.57777777777778,5.9222222222222225,0.05555555555555555,13.344444444444445,30510,72,13,12,0.368141592920354
134,mcculloch,48307950400.0,27.133333333333336,69.33333333333333,0.8666666666666667,0.09999999999999999,0.0,0.0,2020.3333333333333,45113.333333333336,8713.0,26560.333333333332,4300.333333333333,14.533333333333333,19.833333333333332,29.599999999999998,19.5,24.23333333333333,15.233333333333334,11.466666666666669,78.16666666666667,14.933333333333332,0.0,3.566666666666667,0.06666666666666667,3.233333333333333,17.933333333333334,1242.3333333333333,68.39999999999999,17.733333333333334,13.233333333333334,0.6666666666666666,5.266666666666667,5032,32,7,12,0.534181240063593
135,mclennan,48309021655.78432,25.541999999999994,56.04600000000001,15.262000000000002,0.15200000000000002,1.3719999999999999,0.014000000000000002,3299.8039215686276,43559.0,7018.0,20987.18,2977.66,23.636734693877546,30.06122448979593,29.956000000000007,19.768,25.272,10.621999999999998,14.383999999999997,80.98400000000002,11.723999999999998,0.52,2.7540000000000004,0.8859999999999999,3.1239999999999997,18.421999999999997,2112.4901960784314,80.916,13.55,5.412000000000001,0.118,6.942000000000003,137950,198,33,12,0.5683798477709315
136,mcmullen,48311950100.0,48.1,50.4,0.0,1.5,0.0,0.0,568.0,46250.0,15303.0,27608.0,8792.0,11.8,11.3,25.9,22.2,30.9,10.8,10.2,75.8,6.4,6.4,4.4,2.7,4.4,11.8,324.0,60.5,25.6,12.7,1.2,14.1,687,12,4,12,0.8384279475982532
137,medina,48325000350.75,49.7,47.0125,1.6124999999999998,0.4125,0.2375,0.0375,4313.75,54736.5,8797.875,23998.375,4178.125,15.399999999999999,20.825,30.787499999999998,20.15,23.975,13.237499999999999,11.85,81.575,12.487499999999999,0.1375,1.8375,0.8999999999999999,3.075,29.0,2451.25,71.325,19.25,9.2875,0.1375,6.2625,31508,35,7,12,0.09330963564808938
138,menard,48327950300.0,36.8,58.8,1.2,0.5,0.0,0.0,1604.0,34464.0,7243.0,22016.0,5782.0,14.9,21.2,28.6,23.7,17.9,20.5,9.3,73.8,17.3,0.0,3.5,0.3,5.1,17.5,797.0,52.9,24.6,21.0,1.5,8.3,1437,13,3,12,0.325678496868476
139,midland,48329040473.888885,42.02307692307693,48.6576923076923,6.003846153846155,0.3384615384615384,1.5230769230769234,0.09230769230769233,3684.777777777778,69040.69230769231,14279.423076923076,34774.07692307692,5308.346153846154,9.403846153846153,11.476923076923075,30.900000000000002,14.838461538461539,26.007692307692306,16.326923076923073,11.934615384615382,84.48076923076921,10.219230769230766,0.2807692307692307,1.1076923076923078,1.6961538461538461,2.226923076923077,18.984615384615385,2842.3333333333335,81.20769230769231,11.288461538461538,7.26153846153846,0.23076923076923078,3.765384615384616,84588,99,20,12,0.2808909065115619
140,milam,48331950457.57143,23.800000000000004,64.95714285714284,8.157142857142857,0.12857142857142856,0.48571428571428577,0.0,2469.5714285714284,41657.28571428572,10002.42857142857,22719.428571428572,3987.4285714285716,16.94285714285714,25.557142857142853,30.185714285714287,16.614285714285714,22.585714285714285,17.928571428571427,12.671428571428569,76.94285714285715,14.628571428571428,0.18571428571428572,1.0,2.257142857142857,4.957142857142857,25.800000000000004,1316.0,66.5,22.599999999999998,10.314285714285715,0.5714285714285714,8.985714285714286,14851,40,8,12,0.2585684465692546
141,mills,48333950150.0,15.8,83.5,0.35,0.0,0.05,0.0,1716.0,42647.5,6356.0,22864.0,3501.0,15.100000000000001,25.85,32.95,14.25,26.1,14.75,11.899999999999999,83.55000000000001,7.95,0.0,2.8,0.7,5.0,19.700000000000003,943.5,69.2,20.4,10.2,0.2,3.4,3381,21,7,12,0.5217391304347826
142,mitchell,48335950300.0,34.6,56.75,7.1,0.25,0.3,0.0,3445.5,49006.0,4782.0,23555.5,3695.5,12.5,16.3,28.950000000000003,21.5,16.8,20.2,12.55,81.19999999999999,13.15,0.45,0.6000000000000001,0.55,4.05,23.0,1477.5,62.3,27.75,9.45,0.5,4.85,4569,32,790,12,66.39527248850952
143,montague,48337950350.0,9.5,87.64999999999999,0.21666666666666667,0.25,0.3333333333333333,0.0,2379.8333333333335,45928.333333333336,6886.333333333333,25927.333333333332,3828.0,14.65,21.283333333333335,29.433333333333334,16.3,20.116666666666667,15.75,18.416666666666664,79.46666666666668,11.4,0.0,2.0666666666666664,0.6333333333333333,6.45,25.05,1365.5,75.01666666666667,14.066666666666668,10.516666666666666,0.4333333333333333,6.566666666666666,12853,28,10,12,0.26141756788298454
144,montgomery,48339692373.49152,22.961016949152544,68.11186440677965,3.6728813559322036,0.30338983050847457,2.269491525423729,0.013559322033898306,5553.71186440678,72742.44067796611,11748.322033898305,34731.779661016946,4673.796610169492,13.032203389830508,18.26949152542373,37.09661016949154,16.73728813559322,23.393220338983053,11.083050847457631,11.686440677966102,80.31186440677963,11.24915254237288,1.2254237288135594,1.0627118644067797,1.347457627118644,4.810169491525423,32.50169491525424,3902.677966101695,79.75254237288135,11.683050847457626,8.455932203389832,0.09491525423728817,6.162711864406781,334476,644,95,12,2.1949556918882074
145,moore,48341950250.0,51.45,37.349999999999994,2.25,0.375,7.5,0.0,2762.5,48472.0,5912.25,19934.5,2216.75,19.4,29.9,20.775,15.350000000000001,18.224999999999998,19.325,26.325000000000003,76.55,18.0,0.39999999999999997,1.45,2.025,1.575,16.875,2678.5,81.7,12.025000000000002,5.95,0.35000000000000003,4.075,9771,17,7,12,0.1461467608228431
146,nacogdoches,48347950569.69231,17.346153846153847,58.96923076923077,20.5,0.3923076923076923,1.5538461538461539,0.0,3551.6923076923076,40170.0,8027.0,21201.69230769231,3139.3076923076924,26.415384615384614,31.546153846153842,31.115384615384617,18.884615384615383,22.130769230769236,11.600000000000001,16.253846153846155,79.07692307692308,12.153846153846153,0.15384615384615388,4.115384615384616,1.7692307692307692,2.723076923076923,19.884615384615383,2126.0,73.56153846153846,18.9,7.40769230769231,0.1,9.153846153846155,36993,68,17,12,0.37498986294704406
147,navarro,48349970550.0,24.659999999999997,59.44,12.959999999999999,0.29000000000000004,0.8099999999999999,0.54,3164.0,40063.2,6579.6,20449.0,2614.1,21.520000000000003,32.46,25.78,20.19,21.759999999999998,11.87,20.410000000000004,81.84,11.64,0.06,1.7900000000000003,1.2599999999999998,3.4,24.63,2015.9,74.16,17.6,8.07,0.18000000000000002,10.29,28607,80,20,12,0.6711644003215996
148,newton,48351950250.0,3.5250000000000004,72.9,21.95,0.425,0.45,0.0,2738.75,41271.5,9731.75,20479.0,3574.5,11.725,15.55,20.775,23.4,21.475,17.849999999999998,16.5,85.6,9.375,0.0,0.075,3.8499999999999996,1.125,37.1,1227.75,78.725,17.35,3.9250000000000003,0.0,12.625,9290,64,15,12,1.240043057050592
149,nolan,48353950300.0,34.239999999999995,59.839999999999996,4.0600000000000005,0.18,0.34,0.0,2210.6,37746.6,5741.2,20502.0,2725.8,20.9,29.139999999999997,24.28,24.880000000000003,17.08,14.559999999999999,19.16,80.7,11.679999999999998,0.2,2.6,3.1199999999999997,1.7,16.52,1280.6,76.3,16.740000000000002,6.68,0.24,7.0200000000000005,8789,33,9,12,0.40550688360450565
150,nueces,48355027264.0,62.362962962962946,30.479012345679013,4.214814814814817,0.2049382716049383,1.6876543209876542,0.08271604938271605,3013.9146341463415,52756.759493670885,9429.481012658227,24699.9012345679,3770.617283950617,17.706250000000004,25.777215189873406,27.28395061728395,22.20617283950618,24.812345679012346,13.297530864197533,12.403703703703703,78.96666666666665,11.986419753086416,2.0197530864197537,2.5086419753086426,2.343209876543209,2.154320987654321,19.643750000000004,1986.5243902439024,76.87283950617285,16.12345679012345,6.820987654320986,0.19135802469135801,7.023456790123458,203026,378,84,12,1.8767251485031473
151,ochiltree,48357950266.666664,44.56666666666667,52.46666666666667,0.2333333333333333,0.8999999999999999,0.6,0.0,1899.0,57247.333333333336,11559.333333333334,29316.333333333332,5497.333333333333,12.833333333333334,14.133333333333333,25.433333333333334,19.0,21.066666666666666,20.266666666666666,14.233333333333334,81.03333333333333,13.066666666666668,0.0,2.2666666666666666,0.7333333333333334,2.9000000000000004,16.466666666666665,1693.6666666666667,77.0,11.700000000000001,10.666666666666666,0.6666666666666666,5.8,5217,18,4,12,0.16561242093156986
152,oldham,48359950100.0,14.4,72.2,6.1,0.5,0.5,0.0,1344.0,50893.0,11047.0,23452.0,6306.0,13.1,17.6,39.2,19.3,19.7,11.5,10.3,80.9,9.0,0.0,3.9,1.0,5.2,17.6,773.0,73.2,20.1,6.7,0.0,7.4,1414,20,4,12,0.6789250353606789
153,orange,48361021347.7619,6.876190476190477,80.87142857142858,9.047619047619046,0.4428571428571429,0.9190476190476191,0.028571428571428574,2937.7619047619046,50775.142857142855,9083.57142857143,25573.04761904762,4222.761904761905,15.776190476190477,20.90476190476191,27.91904761904762,16.347619047619045,23.761904761904763,15.214285714285714,16.75714285714286,86.47619047619048,8.638095238095238,0.07619047619047618,1.3857142857142857,1.5,1.9142857142857141,23.31904761904762,1696.0,81.63809523809525,13.085714285714285,5.161904761904762,0.10476190476190476,8.795238095238094,53278,135,34,12,1.0338225909380983
154,panola,48365950350.0,8.299999999999999,76.61666666666666,14.199999999999998,0.0,0.3666666666666667,0.08333333333333333,2886.5,51283.666666666664,7387.666666666667,26004.5,3937.0,14.85,21.96666666666667,22.133333333333336,15.983333333333334,23.200000000000003,23.03333333333333,15.6,87.14999999999999,8.716666666666667,0.3833333333333333,0.7333333333333334,0.5166666666666666,2.4833333333333334,27.633333333333336,1692.3333333333333,81.14999999999999,11.35,7.516666666666667,0.0,5.433333333333333,16392,57,19,12,0.7928257686676428
155,parker,48367140451.57895,11.85263157894737,83.8736842105263,1.7947368421052632,0.5789473684210528,0.6263157894736843,0.03684210526315789,4667.421052631579,68531.73684210527,11592.631578947368,30356.0,3497.5263157894738,10.831578947368422,15.389473684210525,35.60526315789474,14.994736842105262,24.836842105263155,12.731578947368424,11.810526315789474,82.41052631578948,11.173684210526318,0.17368421052631577,1.126315789473684,1.2421052631578946,3.8736842105263154,32.2421052631579,2959.7368421052633,76.25263157894737,15.557894736842103,8.005263157894738,0.19473684210526318,6.468421052631578,92876,161,38,12,0.7904733192643956
156,parmer,48369950250.0,62.150000000000006,35.95,1.6,0.2,0.0,0.05,2865.5,46827.5,4845.5,20365.0,2701.5,17.35,27.799999999999997,23.799999999999997,14.05,18.4,17.05,26.7,73.35,17.1,1.1,3.3,1.7000000000000002,3.5,15.9,2332.5,77.8,12.399999999999999,9.25,0.55,3.6,4363,19,9,12,0.47031858812743527
157,pecos,48371950325.0,69.375,26.25,3.275,0.5,0.15,0.05,2688.5,49546.75,14115.25,20846.75,2982.0,11.7,12.450000000000001,19.35,18.1,24.349999999999998,20.425,17.825,81.85000000000001,13.124999999999998,0.4,2.325,0.675,1.625,17.924999999999997,1611.75,68.77499999999999,23.95,6.325,0.925,4.424999999999999,8223,24,9,12,0.315213425757023
158,polk,48373210252.4,12.79,73.24000000000001,10.229999999999999,1.3,0.64,0.04,3428.0,40542.2,8280.8,21836.7,3267.8,17.06,26.689999999999998,25.919999999999998,21.85,22.840000000000003,15.530000000000001,13.88,74.7,15.219999999999999,0.4699999999999999,2.59,2.9499999999999997,4.069999999999999,27.65,1626.7,68.99,20.779999999999994,9.879999999999999,0.36,9.53,36469,112,21,12,0.7739175738298281
159,potter,48375041350.02941,36.28181818181818,48.06969696969696,9.690909090909091,0.3151515151515152,3.248484848484848,0.17575757575757575,2275.529411764706,40198.78787878788,6675.090909090909,20692.18181818182,3384.7272727272725,22.751515151515147,30.112121212121217,24.336363636363636,23.7060606060606,22.781818181818185,12.936363636363634,16.245454545454546,76.37272727272727,16.2030303030303,1.2696969696969695,1.9878787878787878,1.4848484848484849,2.678787878787879,17.96666666666667,1571.1764705882354,80.43333333333334,12.84848484848485,6.5181818181818185,0.20606060606060606,5.639393939393939,55677,81,16,12,0.27932539468721373
160,presidio,48377950150.0,76.44999999999999,19.55,0.0,0.3,3.65,0.0,1856.0,34578.5,11059.5,18054.0,2654.5,20.45,31.4,34.8,26.35,16.049999999999997,16.9,5.9,61.3,11.75,1.6,9.85,3.1,12.4,14.7,1305.0,55.849999999999994,31.25,12.45,0.45,9.75,4884,10,7,12,0.171990171990172
161,rains,48379950150.0,8.55,85.55000000000001,2.45,0.75,0.6,0.0,4276.0,48764.0,6018.5,23299.5,1850.5,11.3,18.45,27.7,15.4,23.0,14.350000000000001,19.5,81.1,11.8,0.0,2.1,1.2999999999999998,3.65,37.3,2234.0,76.55000000000001,14.7,8.649999999999999,0.05,7.9,7668,32,8,12,0.40062597809076683
162,randall,48381021270.86207,18.90689655172414,74.36206896551724,2.9068965517241385,0.3931034482758621,1.4103448275862072,0.04482758620689655,3203.3793103448274,63027.793103448275,10334.206896551725,30878.689655172413,3908.2413793103447,10.679310344827588,14.527586206896551,36.36896551724137,17.775862068965516,27.53793103448276,8.710344827586209,9.606896551724141,85.48965517241379,9.468965517241378,0.4068965517241379,1.2275862068965515,0.7000000000000001,2.717241379310345,18.700000000000003,2250.689655172414,75.79999999999998,17.20689655172414,6.948275862068965,0.04482758620689655,3.8517241379310345,87729,116,13,12,0.2062715863625483
163,reagan,48383950100.0,67.0,30.9,1.7,0.0,0.0,0.0,2064.0,52181.0,8132.0,25238.0,2525.0,15.5,22.0,20.1,10.3,22.5,21.5,25.6,84.0,10.9,0.0,2.6,1.2,1.3,16.6,1778.0,70.0,18.7,11.1,0.2,2.2,1847,8,4,12,0.20790471034109367
164,real,48385950100.0,20.1,79.5,0.2,0.0,0.0,0.0,2640.0,36523.0,5924.0,19549.0,2586.0,16.6,26.6,33.7,24.2,22.0,8.7,11.3,55.4,14.7,0.0,8.0,6.1,15.7,18.9,996.0,61.8,20.5,17.7,0.0,12.0,2590,10,476,12,22.054054054054053
165,reeves,48389950300.0,74.08,21.4,3.0,0.24,0.6,0.0,1643.0,38867.6,12209.0,19063.2,4746.6,19.04,25.520000000000003,23.78,25.559999999999995,20.2,16.34,14.14,83.38000000000001,9.66,0.0,1.6800000000000002,1.54,3.7600000000000002,17.3,953.6,68.05999999999999,27.72,4.22,0.0,7.1,7089,49,1088,12,90.24460431654676
166,refugio,48391950300.0,49.25,42.95,5.8999999999999995,0.1,0.1,0.0,2734.0,44668.5,7440.0,24889.5,3250.0,16.950000000000003,25.4,23.15,24.1,21.0,16.549999999999997,15.15,78.1,14.2,0.0,4.2,1.1,2.4,23.4,1548.0,75.25,13.95,9.65,1.25,6.65,4949,51,10,12,1.2366134572640937
167,roberts,48393950100.0,2.8,95.5,0.0,0.1,0.5,0.0,649.0,63889.0,9057.0,31314.0,4211.0,1.5,1.4,40.2,14.9,23.9,11.8,9.2,70.4,22.4,0.0,1.5,0.0,5.7,18.5,423.0,59.1,23.2,17.7,0.0,1.9,665,7,2,12,0.25263157894736843
168,robertson,48395960300.0,16.080000000000002,59.54,21.8,0.19999999999999998,0.36,0.16,2341.8,43311.0,8697.8,21644.6,3546.2,19.7,25.48,28.580000000000002,18.88,22.52,13.919999999999998,16.080000000000002,81.02000000000001,11.680000000000001,0.0,3.94,0.5,2.88,25.82,1355.2,70.28,21.8,7.88,0.06,10.560000000000002,11505,45,13,12,0.6101694915254238
169,rockwall,48397040347.90909,16.309090909090912,73.41818181818182,4.809090909090909,0.23636363636363636,2.5636363636363635,0.13636363636363635,5224.454545454545,91354.54545454546,9915.727272727272,37114.181818181816,4113.090909090909,6.181818181818183,7.290909090909093,45.981818181818184,12.19090909090909,25.545454545454547,7.981818181818183,8.290909090909091,82.81818181818181,8.990909090909092,0.49090909090909096,0.3909090909090909,1.427272727272727,5.8909090909090915,31.954545454545453,3754.5454545454545,77.30909090909091,15.70909090909091,6.799999999999998,0.19090909090909092,5.581818181818181,63500,100,17,12,0.32125984251968503
170,runnels,48399950350.0,31.625,65.05,1.4,0.4,1.1749999999999998,0.0,1917.0,46089.5,7830.75,22649.5,3783.75,17.900000000000002,21.575,30.8,14.15,22.2,14.649999999999999,18.2,84.55,9.025,0.0,1.5250000000000001,0.725,4.2,18.925,1073.0,65.9,19.775,13.875,0.45,3.05,6701,22,8,12,0.3151768392777197
171,rusk,48401950638.69231,15.553846153846155,65.17692307692309,17.03846153846154,0.5538461538461539,0.5923076923076924,0.0,2967.6153846153848,46212.0,9813.846153846154,22588.69230769231,3561.3846153846152,17.03846153846154,24.93076923076923,24.238461538461536,18.323076923076922,21.0,18.47692307692308,17.97692307692308,84.56153846153848,8.56153846153846,0.2846153846153846,1.5769230769230769,0.8846153846153846,4.13076923076923,25.430769230769233,1632.2307692307693,78.94615384615385,13.099999999999996,7.823076923076924,0.14615384615384613,4.538461538461538,31279,50,12,12,0.23018638703283353
172,sabine,48403950200.0,3.3000000000000003,87.53333333333335,8.200000000000001,0.0,0.09999999999999999,0.0,2749.0,31351.333333333332,5196.333333333333,19955.333333333332,4311.333333333333,27.46666666666667,53.9,27.500000000000004,21.0,17.133333333333333,19.7,14.666666666666666,82.80000000000001,5.466666666666666,0.19999999999999998,2.066666666666667,1.5999999999999999,7.866666666666666,31.766666666666666,960.6666666666666,76.26666666666667,17.099999999999998,6.633333333333333,0.0,13.066666666666665,7784,27,8,12,0.3329907502569373
173,schleicher,48413950300.0,50.5,49.1,0.1,0.0,0.2,0.0,2015.0,55543.0,7548.0,25199.0,3107.0,19.5,29.4,30.8,15.1,17.2,19.5,17.3,74.3,16.4,0.7,0.3,2.3,6.0,25.2,1499.0,67.4,23.5,9.1,0.0,4.1,1758,14,4,12,0.3822525597269625
174,scurry,48415950300.0,39.125,55.425,3.775,0.15,0.3,0.0,3040.5,58787.5,11696.25,25411.0,3911.75,9.45,10.825,23.5,19.45,18.825,24.875,13.325,82.75,10.825,1.2750000000000001,1.325,0.775,3.075,16.825,1842.75,78.975,14.3,6.525,0.2,2.725,9391,33,11,12,0.46384836545628794
175,shackelford,48417950300.0,10.8,88.3,0.1,0.0,0.0,0.0,2514.0,48750.0,6801.0,23826.0,2169.0,19.1,19.6,31.5,18.0,25.6,13.6,11.3,78.4,13.7,0.0,2.7,3.6,1.7,16.9,1502.0,74.0,13.4,12.3,0.3,3.8,2339,11,7,12,0.3950406156477127
176,shelby,48419950350.0,15.433333333333332,66.76666666666667,16.299999999999997,0.016666666666666666,0.7666666666666666,0.16666666666666666,2784.6666666666665,39103.0,7410.5,21538.833333333332,3459.0,21.616666666666664,34.05,27.45,16.333333333333332,17.816666666666666,22.53333333333333,15.800000000000002,77.18333333333334,14.616666666666665,0.8333333333333334,1.9833333333333334,1.0166666666666668,4.383333333333334,25.95,1693.6666666666667,75.31666666666666,16.533333333333335,7.983333333333334,0.15,7.383333333333334,15153,42,14,12,0.4656503662641061
177,smith,48423025268.14634,19.880000000000006,57.53499999999999,19.7,0.325,1.4474999999999998,0.075,3694.0,47337.225,8271.5,24682.1,3645.75,18.6075,25.240000000000002,32.55,18.664999999999996,23.289999999999996,11.77,13.714999999999998,82.20750000000002,10.225,0.3425,1.5150000000000003,2.7299999999999995,2.9750000000000005,22.152499999999996,2337.5853658536585,81.43250000000002,12.225,6.2475,0.12250000000000001,7.4049999999999985,135935,174,34,12,0.5222496045904292
178,somervell,48425000150.0,18.25,80.55,0.4,0.15,0.0,0.25,3144.5,48181.0,8316.5,26756.0,3823.5,12.4,13.9,35.0,16.4,22.85,13.65,12.1,86.80000000000001,9.45,0.35,0.75,0.25,2.4,25.450000000000003,1939.0,74.6,18.200000000000003,6.5,0.7,3.75,5987,13,4,12,0.10422582261566728
179,starr,48427950303.066666,98.52666666666666,1.1066666666666665,0.04,0.0,0.10666666666666667,0.0,1848.0,27782.6,7639.933333333333,12628.0,2481.9333333333334,35.339999999999996,43.43333333333333,21.326666666666664,30.566666666666663,18.040000000000003,17.60666666666667,12.466666666666665,69.32666666666667,20.273333333333333,0.47333333333333333,4.1866666666666665,1.4533333333333334,4.293333333333334,23.133333333333333,1400.4,67.10666666666665,23.553333333333338,8.793333333333333,0.56,13.799999999999999,33110,32,10,12,0.11597704620960435
180,stephens,48429950333.333336,23.2,72.60000000000001,2.766666666666667,0.6,0.43333333333333335,0.0,2291.0,44569.666666666664,7819.666666666667,21666.0,3163.3333333333335,21.5,28.833333333333332,28.866666666666664,16.533333333333335,22.433333333333334,16.866666666666664,15.300000000000002,79.06666666666666,13.5,0.9,2.6,2.3,1.6333333333333335,19.066666666666666,1268.3333333333333,71.10000000000001,16.066666666666666,12.866666666666667,0.0,4.233333333333333,5528,11,4,12,0.0955137481910275
181,sterling,48431950100.0,45.8,52.5,0.2,0.0,0.0,0.0,883.0,53456.0,10963.0,21386.0,3906.0,16.0,29.9,30.7,13.9,25.2,21.4,8.7,73.4,6.8,0.0,2.8,2.6,14.3,19.5,583.0,64.5,20.9,14.6,0.0,0.3,865,11,4,12,0.6104046242774567
182,stonewall,48433950300.0,20.2,75.5,3.7,0.0,0.0,0.0,1000.0,42155.0,8544.0,22416.0,4015.0,19.5,30.7,34.9,19.9,15.4,15.0,14.8,81.0,13.1,0.0,3.7,0.0,2.2,17.9,553.0,55.3,29.3,13.6,1.8,6.9,957,4,1,12,0.050156739811912224
183,sutton,48435950300.0,58.8,39.9,0.1,0.0,0.0,0.7,2506.0,51667.0,6212.0,25650.0,2686.0,8.4,9.9,25.8,14.6,14.5,26.8,18.3,79.2,12.7,0.0,1.7,1.0,5.4,16.8,1771.0,76.5,14.6,8.6,0.3,4.3,2477,8,4,12,0.15502624142107388
184,swisher,48437950300.0,39.199999999999996,51.76666666666667,5.833333333333333,0.3333333333333333,0.5666666666666667,0.0,1791.0,42504.0,6804.333333333333,19072.333333333332,3237.6666666666665,19.3,28.833333333333332,29.900000000000002,14.9,18.766666666666666,16.5,19.966666666666665,81.16666666666667,11.766666666666666,0.0,1.6333333333333335,1.4666666666666666,4.066666666666666,22.366666666666664,928.0,78.50000000000001,12.200000000000001,9.266666666666667,0.0,6.599999999999999,3961,13,4,12,0.15753597576369605
185,tarrant,48439113204.38375,28.504213483146078,49.396348314606755,15.321348314606748,0.303370786516854,4.346629213483148,0.16966292134831462,3415.6022408963586,61033.52247191011,8912.106741573034,28598.426966292136,3842.766853932584,16.656179775280897,22.817134831460674,34.130056179775266,16.924999999999986,25.190168539325835,9.882022471910108,13.867977528089895,81.97415730337079,10.507865168539325,0.7662921348314609,1.3137640449438195,1.5426966292134823,3.8941011235955063,25.875842696629196,2590.3109243697477,83.175,11.077808988764046,5.6348314606741505,0.11095505617977526,7.404775280898872,1134484,2245,338,12,8.02630975844525
186,taylor,48441037455.52631,26.57297297297297,62.27297297297297,7.378378378378378,0.36756756756756753,1.6324324324324324,0.016216216216216217,2577.7368421052633,45129.65714285714,8135.885714285714,21958.324324324323,3374.027027027027,21.30810810810811,23.685714285714287,27.635135135135137,22.354054054054053,24.054054054054053,12.975675675675676,12.997297297297298,78.02972972972974,14.202702702702705,0.7297297297297298,2.7540540540540546,1.6702702702702705,2.613513513513514,15.386111111111113,1597.578947368421,75.3837837837838,18.783783783783782,5.648648648648647,0.1972972972972973,7.037837837837839,80159,117,20,12,0.3503037712546314
187,terrell,48443950100.0,68.0,27.8,1.6,0.8,1.8,0.0,677.0,31111.0,8353.0,27062.0,3927.0,20.2,25.9,20.0,30.6,23.9,14.9,10.6,80.5,3.1,0.0,5.8,4.1,6.5,18.6,415.0,49.4,32.8,16.4,1.4,3.7,694,4,1,12,0.069164265129683
188,terry,48445950266.666664,52.93333333333334,40.766666666666666,5.0,0.3333333333333333,0.06666666666666667,0.0,2896.6666666666665,41194.666666666664,5894.0,20150.0,4408.666666666667,16.933333333333334,20.433333333333334,30.2,18.2,16.366666666666664,19.666666666666668,15.533333333333333,77.43333333333334,17.766666666666666,0.0,1.3333333333333333,1.1333333333333335,2.3333333333333335,19.6,1589.0,72.36666666666666,18.400000000000002,9.066666666666666,0.16666666666666666,6.0,6671,20,7,12,0.2518363064008394
189,throckmorton,48447950300.0,12.7,84.4,0.2,0.0,0.5,0.0,1207.0,41042.0,6334.0,28305.0,4555.0,13.1,21.2,30.5,17.1,23.2,15.7,13.6,83.0,6.2,0.2,0.0,0.9,9.7,25.6,686.0,67.5,16.2,16.3,0.0,2.6,1223,12,4,12,0.47097301717089124
190,titus,48449950450.0,43.324999999999996,42.75,11.9875,0.47500000000000003,0.5875,0.0,2354.25,43099.625,9089.375,18255.5,2486.875,21.225,29.562500000000004,21.3875,14.6875,21.5875,12.575,29.7625,82.0875,12.1875,0.6,1.0625,2.1625,1.9000000000000001,17.724999999999998,1733.375,82.425,11.112499999999999,6.3999999999999995,0.07500000000000001,7.7375,17031,60,19,12,0.8032411484939228
191,travis,48453006242.31193,32.68617511520739,51.70737327188941,7.718433179723503,0.17235023041474665,5.378341013824887,0.06774193548387096,3368.6009174311926,66877.99069767442,10479.595348837209,36125.829493087556,5057.460829493088,17.39769585253456,23.167441860465107,45.864516129032246,16.99124423963134,22.05990783410139,8.387096774193553,6.699999999999999,73.03133640552998,10.042396313364057,3.8188940092165895,2.6170506912442404,3.0350230414746533,7.45668202764977,24.45694444444444,2750.4449541284403,76.11889400921659,15.81843317972351,7.902304147465436,0.16221198156682023,6.067281105990781,787670,874,143,12,1.9040765802937778
192,trinity,48455950300.0,9.26,79.16,10.38,0.4600000000000001,0.16,0.0,2228.0,33574.4,6325.4,19901.8,3587.8,16.68,24.639999999999997,23.98,27.4,24.12,11.660000000000002,12.819999999999999,77.55999999999999,11.620000000000001,0.5,2.18,2.1,6.0200000000000005,33.480000000000004,984.4,69.12,17.44,12.2,1.22,9.26,11446,64,20,12,1.341953520880657
193,tyler,48457950300.0,6.6,81.64000000000001,9.5,0.34,0.2,0.0,3387.2,42529.2,9618.2,21475.6,2810.2,16.86,22.599999999999998,25.04,22.939999999999998,21.880000000000003,16.46,13.660000000000002,77.7,13.080000000000002,0.04,1.52,3.6800000000000006,3.94,33.46,1446.0,72.32,22.240000000000002,5.12,0.36,10.580000000000002,13835,54,17,12,0.7962414166967835
194,upshur,48459950400.0,7.542857142857143,80.15714285714284,9.642857142857142,0.4428571428571429,0.5571428571428572,0.0,4192.714285714285,47577.28571428572,8125.0,22801.285714285714,2914.8571428571427,13.528571428571427,19.928571428571427,26.61428571428571,20.057142857142857,22.071428571428573,13.928571428571429,17.3,83.84285714285714,10.185714285714285,0.31428571428571433,1.157142857142857,0.6714285714285715,3.8428571428571425,26.74285714285714,2407.0,79.02857142857144,12.628571428571428,8.171428571428573,0.15714285714285717,7.957142857142856,27528,61,16,12,0.42545771578029645
195,upton,48461950150.0,45.75,49.7,3.75,0.0,0.0,0.0,1050.5,47699.0,8470.5,24239.0,4085.5,16.0,16.3,24.450000000000003,16.25,18.5,21.4,19.45,78.75,12.850000000000001,0.0,3.1500000000000004,1.75,3.55,16.95,663.0,73.35,19.5,7.2,0.0,4.300000000000001,2175,11,377,12,22.88
196,uvalde,48463950300.0,68.88,29.26,0.22000000000000003,0.4,1.06,0.04,3466.6,41166.8,9371.8,18150.4,2828.8,19.52,28.860000000000003,29.340000000000003,22.759999999999998,19.66,17.14,11.080000000000002,81.8,12.44,0.1,1.2,0.8800000000000001,3.5400000000000005,18.9,2160.2,64.38,25.54,10.080000000000002,0.0,7.840000000000001,16973,63,14,12,0.6235786248748012
197,victoria,48469043501.565216,47.98636363636363,43.15454545454545,6.127272727272726,0.03636363636363637,1.2772727272727273,0.0,2753.0434782608695,51479.72727272727,8841.045454545454,25448.68181818182,4102.409090909091,18.281818181818185,27.731818181818177,26.59090909090909,18.69090909090909,25.40909090909091,14.872727272727275,14.44090909090909,79.82727272727271,13.6,0.9863636363636364,1.1681818181818182,1.118181818181818,3.309090909090909,20.37727272727273,1804.9130434782608,80.23636363636363,11.636363636363637,7.745454545454546,0.36363636363636365,6.549999999999998,55470,145,35,12,1.0978907517577068
198,walker,48471790380.6,17.68,57.78000000000001,22.169999999999998,0.25,1.22,0.01,5507.9,40652.1,8570.2,16921.5,3321.6,26.0,30.45,30.709999999999997,28.15,24.14,7.7299999999999995,9.290000000000003,80.83999999999999,10.129999999999999,0.17,4.4799999999999995,1.31,3.0700000000000003,25.0,2261.2,60.779999999999994,34.970000000000006,4.140000000000001,0.13,4.4,31956,69,16,12,0.41457003379647017
199,waller,48473680350.0,27.500000000000004,43.083333333333336,26.28333333333333,0.18333333333333335,0.7999999999999999,0.0,5124.5,55570.6,9604.6,22945.166666666668,2851.3333333333335,14.333333333333334,23.619999999999997,29.2,20.833333333333332,27.7,12.133333333333333,10.166666666666666,71.91666666666667,9.316666666666666,0.6,10.216666666666667,2.4499999999999997,5.483333333333333,32.416666666666664,3354.5,77.9,16.566666666666666,5.483333333333333,0.049999999999999996,8.85,32834,71,19,12,0.4930255223244198
200,ward,48475950200.0,50.93333333333334,42.333333333333336,5.166666666666667,0.6,0.3,0.0,2547.3333333333335,50207.333333333336,10165.0,23807.666666666668,2904.0,16.400000000000002,20.233333333333334,20.5,19.566666666666666,21.766666666666666,21.600000000000005,16.5,82.03333333333333,10.299999999999999,0.0,2.8000000000000003,1.6333333333333335,3.266666666666666,21.333333333333332,1553.6666666666667,79.8,14.9,5.0,0.3333333333333333,4.3999999999999995,6520,20,5,12,0.18404907975460122
201,washington,48477170350.0,15.483333333333334,63.349999999999994,18.4,0.3666666666666667,1.616666666666667,0.13333333333333333,4255.0,50458.833333333336,8737.333333333334,24537.833333333332,4555.5,13.85,19.900000000000002,29.05,17.366666666666667,23.433333333333337,12.733333333333334,17.366666666666664,83.31666666666668,10.616666666666665,0.3,1.7166666666666668,1.4000000000000001,2.65,20.583333333333332,2396.6666666666665,73.83333333333333,18.233333333333334,7.883333333333333,0.049999999999999996,4.983333333333333,23238,68,15,12,0.5267234701781565
202,wharton,48481740600.0,39.22727272727273,43.099999999999994,17.218181818181815,0.009090909090909092,0.0818181818181818,0.0,2526.5454545454545,41980.72727272727,9802.454545454546,20324.81818181818,3083.090909090909,20.80909090909091,31.445454545454552,24.572727272727274,20.890909090909087,19.754545454545454,18.172727272727276,16.636363636363637,80.31818181818181,13.090909090909092,0.24545454545454548,1.2818181818181817,1.2454545454545451,3.836363636363636,22.87272727272727,1689.4545454545455,80.08181818181818,11.199999999999998,8.581818181818182,0.13636363636363638,7.8000000000000025,25095,53,8,12,0.2027495517035266
203,wichita,48485038224.432434,20.39722222222222,64.375,10.480555555555558,0.6083333333333332,1.7472222222222222,0.016666666666666666,2632.7837837837837,44210.666666666664,6591.25,21908.5,3460.75,20.43888888888889,29.047222222222235,28.83888888888889,23.380555555555553,23.95555555555556,10.008333333333336,13.80833333333333,81.47222222222223,9.694444444444441,0.6666666666666666,4.138888888888889,1.2111111111111112,2.8277777777777775,14.84722222222222,1487.918918918919,75.99444444444445,18.052777777777774,5.775,0.175,6.841666666666669,79116,135,27,12,0.5528590929774003
204,wilbarger,48487950525.0,25.975,62.075,9.025,0.4,0.6,0.0,2413.25,41614.25,5641.0,20074.75,2401.0,19.3,24.175,27.025000000000002,21.424999999999997,20.675,16.15,14.7,79.15,13.874999999999998,0.0,2.0,1.5499999999999998,3.4499999999999997,14.524999999999999,1494.25,68.69999999999999,26.375,4.875,0.05,7.85,8137,12,4,12,0.0707877596165663
205,willacy,48489957083.333336,87.92,10.440000000000001,0.9200000000000002,0.08,0.04,0.02,2300.3333333333335,27251.6,7444.8,12106.2,1948.8,38.36,48.720000000000006,22.72,26.28,20.32,17.4,13.319999999999999,88.08000000000001,5.62,0.0,3.0599999999999996,0.8,2.46,23.5,894.1666666666666,68.34,22.839999999999996,8.74,0.12,10.76,12151,30,10,12,0.2962719117768085
206,williamson,48491020626.17978,23.976404494382017,62.82022471910113,6.047191011235954,0.17415730337078653,4.666292134831462,0.028089887640449437,3558.85393258427,74829.20224719102,9988.0,31770.123595505618,3925.2359550561796,8.0438202247191,10.679545454545455,43.613483146067416,15.035955056179775,24.797752808988765,8.257303370786515,8.30112359550562,80.37752808988766,9.556179775280894,0.6741573033707864,0.9685393258426965,1.521348314606742,6.906741573033709,27.406741573033706,2622.674157303371,78.45280898876406,15.033707865168532,6.362921348314607,0.15955056179775282,6.024719101123595,336148,477,59,12,1.0046646120161358
207,wilson,48493000301.90909,39.24545454545454,57.73636363636365,1.4727272727272727,0.2,0.2,0.0,3006.818181818182,67363.18181818182,9181.454545454546,27911.090909090908,3896.181818181818,11.299999999999999,13.600000000000001,30.62727272727272,16.972727272727273,24.318181818181817,15.472727272727274,12.572727272727274,81.2090909090909,11.781818181818181,0.09090909090909091,1.0545454545454545,0.5727272727272728,5.300000000000001,31.94545454545454,1865.5454545454545,72.47272727272727,19.963636363636365,7.463636363636365,0.1,5.718181818181818,32704,65,16,12,0.3816046966731898
208,wise,48497150383.181816,17.145454545454548,79.35454545454546,1.0909090909090908,0.6727272727272727,0.35454545454545455,0.02727272727272728,3922.2727272727275,58960.09090909091,11523.727272727272,27581.454545454544,3730.5454545454545,11.263636363636364,16.83636363636364,28.44545454545454,15.745454545454548,24.472727272727276,14.281818181818181,17.063636363636366,81.48181818181818,11.127272727272727,0.02727272727272728,0.7818181818181817,0.6363636363636365,5.954545454545454,31.94545454545455,2468.5454545454545,77.10000000000001,14.399999999999999,8.381818181818183,0.1272727272727273,7.4,41749,75,21,12,0.45270545402285084
209,wood,48499950450.6,9.19,83.6,4.99,0.5000000000000001,0.6299999999999999,0.0,3329.4,44648.9,7786.2,24167.3,3752.4,14.819999999999999,20.419999999999998,29.75,18.380000000000003,23.44,13.190000000000003,15.229999999999999,79.80000000000001,10.240000000000002,0.29,2.9299999999999997,1.1400000000000001,5.64,28.240000000000002,1586.8,75.22999999999999,15.65,8.559999999999999,0.51,8.930000000000001,29838,61,11,12,0.2698572290367987
210,yoakum,48501950150.0,58.25,39.65,0.45,0.1,0.6,0.0,2043.5,56363.5,12710.0,23568.5,3846.5,12.100000000000001,14.75,28.599999999999998,11.75,14.8,30.6,14.25,80.45,16.950000000000003,0.0,0.55,0.15,1.9,16.6,1773.0,71.9,18.35,9.65,0.15,7.2,4205,7,2,12,0.03995243757431629
211,young,48503950425.0,20.5,76.0,1.45,0.47500000000000003,0.275,0.0,3281.25,45304.25,8551.75,24673.5,4314.75,16.4,23.299999999999997,28.55,18.075,22.225,16.925,14.225,82.225,11.100000000000001,0.0,0.7250000000000001,1.175,4.825,15.325000000000001,2072.0,73.45,15.849999999999998,10.450000000000001,0.275,5.675,11510,16,5,12,0.08340573414422242
212,zapata,48505950334.333336,93.7,6.266666666666667,0.03333333333333333,0.0,0.0,0.0,2174.3333333333335,32770.333333333336,8755.0,17110.333333333332,3464.6666666666665,36.13333333333333,48.800000000000004,16.166666666666668,29.233333333333334,16.4,20.633333333333336,17.566666666666666,74.89999999999999,19.2,0.3,3.1666666666666665,0.3,2.1333333333333333,19.533333333333335,1728.0,73.2,18.23333333333333,8.6,0.0,11.933333333333332,7590,14,7,12,0.1549407114624506
