County,CensusTract,Hispanic,White,Black,Native,Asian,Pacific,Citizen,Income,IncomeErr,IncomePerCap,IncomePerCapErr,Poverty,ChildPoverty,Professional,Service,Office,Construction,Production,Drive,Carpool,Transit,Walk,OtherTransp,WorkAtHome,MeanCommute,Employed,PrivateWork,PublicWork,SelfEmployed,FamilyWork,Unemployment,Voters,Workers,Locations,Hours,eff_score
anderson,48001950673.27273,17.818181818181817,58.94545454545455,21.21818181818182,0.4090909090909091,0.6545454545454545,0.009090909090909092,4010.090909090909,44392.09090909091,15917.363636363636,18081.727272727272,3020.818181818182,20.990909090909085,24.50909090909091,23.736363636363638,26.4,21.972727272727276,12.754545454545456,15.172727272727276,83.62727272727273,9.60909090909091,0.2454545454545455,2.4,0.6000000000000001,3.5454545454545463,19.254545454545454,1805.3636363636365,67.31818181818181,26.590909090909093,6.009090909090909,0.09090909090909093,5.509090909090909,27030,77,22,12,0.7520532741398446
andrews,48003950250.0,49.45,46.5,1.275,0.225,0.725,0.0,2551.75,71015.0,13556.25,31550.0,6038.0,10.8,14.725,22.925,14.15,21.65,23.525,17.75,78.475,17.675,0.0,0.1,1.075,2.65,20.2,1980.75,81.9,9.775,7.65,0.675,3.575,9574,12,1,12,0.015040735324838104
angelina,48005000671.29412,20.641176470588235,61.39411764705883,15.329411764705885,0.18235294117647055,1.1882352941176473,0.0,3519.6470588235293,43349.41176470588,7595.941176470588,21679.823529411766,3677.470588235294,19.658823529411762,29.564705882352943,26.317647058823532,21.082352941176477,22.482352941176472,13.458823529411767,16.65294117647059,82.5764705882353,12.705882352941178,0.1411764705882353,1.447058823529412,1.641176470588235,1.4823529411764709,18.423529411764704,2128.3529411764707,76.32941176470588,17.7235294117647,5.917647058823531,0.05882352941176471,9.33529411764706,51641,112,27,12,0.7026974690652776
aransas,48007956916.66666,23.92,71.17999999999998,1.34,0.1,1.36,0.0,3148.5,49725.4,9247.8,33022.0,6141.6,17.5,33.42,32.74,17.860000000000007,22.58,17.0,9.78,79.0,10.62,0.0,2.64,1.48,6.22,24.54,1577.333333333333,73.14,12.46,14.1,0.3,5.84,17333,15,3,12,0.031154445277793805
archer,48009020200.0,7.7333333333333325,89.26666666666668,0.5333333333333333,1.2666666666666666,0.4666666666666666,0.0,2204.0,60725.0,9375.666666666666,29857.33333333333,4289.333333333333,9.766666666666667,10.6,33.766666666666666,13.800000000000002,21.866666666666664,15.766666666666666,14.8,86.46666666666668,7.400000000000001,0.0,0.7999999999999999,0.7000000000000001,4.666666666666667,21.66666666666667,1413.0,76.53333333333333,13.866666666666667,9.433333333333332,0.16666666666666666,2.9666666666666663,6320,29,8,12,0.4405063291139241
armstrong,48011950100.0,11.8,84.5,0.6,1.6,0.0,0.2,1534.0,59737.0,4968.0,28669.0,2241.0,6.9,4.3,39.2,12.1,20.1,20.9,7.8,74.4,14.7,0.0,1.8,1.6,7.5,25.3,954.0,65.6,24.4,9.5,0.4,1.1,1428,21,6,12,1.0588235294117647
atascosa,48013960338.25,66.13749999999999,31.9125,0.6125,0.075,0.2375,0.0,4034.0,49182.625,8320.625,21413.625,3430.75,18.125,26.75,22.7625,21.725,21.2125,19.9625,14.35,76.6625,16.1,0.05,1.5874999999999997,0.625,4.9625,29.8,2496.875,77.275,15.15,7.45,0.1375,7.6,26434,98,21,12,0.9342513429673904
austin,48015760333.833336,23.850000000000005,64.63333333333334,9.1,0.016666666666666666,0.0,0.0,3341.166666666666,53465.0,12924.833333333336,27446.66666666667,3842.0,11.583333333333336,19.466666666666672,31.18333333333333,15.683333333333332,20.966666666666665,14.4,17.766666666666666,80.71666666666665,11.566666666666668,0.06666666666666668,1.0666666666666669,1.4666666666666668,5.083333333333333,29.08333333333333,2247.1666666666665,80.58333333333333,11.116666666666665,8.183333333333334,0.13333333333333333,5.816666666666666,18907,63,18,12,0.7197334320621992
bailey,48017950100.0,60.1,37.5,1.9,0.1,0.4,0.1,3936.0,37397.0,8652.0,17007.0,2385.0,19.0,25.8,23.2,22.4,20.6,20.7,13.2,77.3,6.5,0.0,3.3,7.7,5.3,19.6,3191.0,75.3,19.1,5.6,0.0,4.3,3242,8,1,12,0.029611351017890187
bandera,48019000220.6,16.36,80.16,2.04,0.12,0.24,0.0,3329.6,49529.0,10306.8,26714.6,4018.4,13.88,24.54,36.04,17.94,21.48,17.02,7.540000000000001,80.42,10.260000000000002,0.4,2.88,0.4,5.619999999999999,35.2,1802.0,66.64,19.58,13.56,0.22000000000000006,4.74,15333,32,10,12,0.2504402269614557
bastrop,48021950490.6,34.27,56.09,7.26,0.36,0.6699999999999999,0.0,5101.1,53902.4,9166.2,24569.3,4016.7,14.71,20.28,30.309999999999995,15.720000000000002,24.17,16.990000000000002,12.86,79.60000000000002,14.079999999999998,0.29,1.47,0.96,3.61,33.209999999999994,3234.3,71.66,19.85,8.190000000000001,0.28,9.53,47519,105,21,12,0.5568298996190997
baylor,48023950300.0,8.9,86.4,1.9,0.0,0.0,0.0,2836.0,36373.0,7151.0,32907.0,9699.0,11.9,2.2,37.6,12.0,21.9,21.7,6.8,91.3,5.6,0.0,0.5,1.2,1.4,13.0,1486.0,62.0,16.6,21.5,0.0,1.4,2330,8,4,12,0.1648068669527897
bee,48025950329.0,55.871428571428574,37.885714285714286,5.571428571428571,0.35714285714285715,0.12857142857142856,0.0,3552.714285714286,47179.285714285725,10901.714285714286,19253.0,3332.714285714286,18.814285714285713,28.571428571428577,20.142857142857142,24.800000000000004,20.857142857142858,16.185714285714287,18.02857142857143,80.51428571428572,13.342857142857143,0.028571428571428574,2.4714285714285706,1.3571428571428572,2.3000000000000003,26.12857142857143,1493.0,68.89999999999999,22.542857142857148,8.12857142857143,0.4142857142857143,7.128571428571428,15883,39,10,12,0.2946546622174652
bell,48027066191.10769,24.063492063492063,48.54920634920635,20.357142857142858,0.5142857142857143,2.4523809523809517,0.6714285714285714,3422.0307692307692,48094.661290322576,7614.967741935483,22410.126984126982,3211.7936507936506,17.688709677419354,25.529032258064515,29.02857142857143,21.15873015873016,26.990476190476183,10.384126984126985,12.438095238095233,79.78730158730156,12.434920634920635,0.30476190476190473,2.5253968253968258,1.806349206349206,3.1444444444444457,19.511111111111113,1962.3076923076926,69.98412698412697,24.942857142857147,4.9365079365079385,0.14285714285714285,10.14126984126984,195604,347,46,12,0.9792437782458436
bexar,48029172817.2541,59.97719780219778,28.737362637362647,6.889010989010988,0.2590659340659341,2.375,0.0346153846153846,3312.546448087432,54659.01933701657,8982.104972375691,24734.95054945055,3534.895604395605,18.474725274725273,25.612947658402195,32.37417582417581,20.716758241758228,26.104945054945073,10.237912087912095,10.571428571428571,78.30714285714286,11.383516483516491,3.3956043956043938,1.944230769230768,1.278021978021978,3.6917582417582415,24.38895027624311,2251.7021857923496,79.54752747252749,14.66456043956044,5.689835164835168,0.09807692307692308,7.909890109890107,1108798,1260,302,12,4.118189246373101
blanco,48031950150.0,18.7,78.30000000000003,0.05,0.7,0.45,0.0,4056.0,53787.0,9276.0,29405.0,3543.5,8.95,14.05,37.05,20.45,19.05,15.6,7.85,76.35,14.0,0.0,3.05,0.95,5.6,25.9,2335.0,69.75,17.75,12.25,0.25,6.050000000000002,8177,29,6,12,0.2553503729974318
borden,48033950100.0,8.8,87.9,0.0,3.0,0.0,0.0,490.0,73750.0,8208.0,44591.0,15266.0,1.4,0.0,52.8,11.7,14.2,14.2,7.1,78.6,10.4,0.0,0.7,0.7,9.6,24.9,282.0,45.7,36.2,17.0,1.1,0.7,488,21,7,12,3.614754098360656
bosque,48035950400.0,16.014285714285716,80.28571428571429,1.4714285714285715,0.3428571428571429,0.3857142857142857,0.0,1886.7142857142856,45418.857142857145,6760.285714285716,24415.571428571428,3965.857142857143,14.757142857142856,21.957142857142852,27.957142857142852,18.585714285714285,21.571428571428577,15.571428571428573,16.357142857142858,78.47142857142858,13.12857142857143,0.1285714285714286,2.928571428571428,0.7714285714285714,4.614285714285714,29.685714285714287,1023.5714285714287,75.4857142857143,12.514285714285714,11.72857142857143,0.2571428571428572,8.128571428571428,12209,34,3114,12,104.06355966909656
bowie,48037011033.833336,6.7,61.988888888888894,27.62777777777778,0.7111111111111111,0.7499999999999999,0.06666666666666668,3827.444444444444,41806.0,6436.444444444444,21528.94444444444,3354.944444444445,21.372222222222227,30.716666666666665,27.16111111111111,22.805555555555557,23.90555555555556,11.722222222222221,14.416666666666664,83.5611111111111,9.933333333333332,0.8333333333333333,1.1,2.1944444444444446,2.3833333333333333,18.26111111111111,1997.7222222222226,75.67222222222222,19.277777777777782,4.905555555555555,0.1277777777777778,9.177777777777779,59606,142,32,12,0.9148072341710566
brazoria,48039668602.27451,30.522,55.17799999999999,9.53,0.28800000000000003,3.036,0.004,4353.588235294118,64157.84,9773.12,27993.46,3567.52,12.81,16.601999999999997,33.556000000000004,15.952,21.984,13.503999999999998,15.004,85.868,8.626,0.182,1.06,1.5280000000000005,2.7400000000000007,27.258000000000006,3025.2941176470586,80.30999999999997,13.789999999999996,5.781999999999999,0.112,6.068,205435,124,26,12,0.1883223403996398
brazos,48041024622.78571,23.736585365853664,58.012195121951216,10.141463414634147,0.21463414634146336,6.234146341463416,0.04146341463414634,3424.952380952381,46399.325,9565.15,23343.512195121948,3690.6585365853657,28.0525,26.3225,40.04878048780487,17.921951219512195,24.24634146341463,9.10975609756098,8.670731707317072,75.79024390243903,11.890243902439025,2.5219512195121947,4.151219512195122,2.71219512195122,2.9341463414634146,17.770731707317072,2340.333333333333,68.04146341463415,25.795121951219517,5.943902439024392,0.23170731707317074,6.54390243902439,114391,167,25,12,0.4379715187383623
briscoe,48045950200.0,32.6,60.4,3.8,0.1,0.0,0.3,1111.0,38603.0,7119.0,22323.0,2637.0,18.6,27.4,33.7,16.6,16.6,20.6,12.4,79.4,5.8,0.0,6.2,1.1,7.5,20.6,757.0,62.9,23.6,12.4,1.1,4.7,1013,20,5,12,1.1846001974333662
brooks,48047950150.0,93.1,5.550000000000002,0.05,0.0,1.25,0.0,2612.0,24105.0,8137.0,14168.5,3141.5,36.45,56.15,22.35,27.65,25.85,11.65,12.55,81.8,12.25,0.05,3.0,0.05,2.85,23.2,1208.0,73.4,20.65,5.95,0.0,13.9,5524,21,914,12,41.69587255611876
brown,48049950725.0,21.98333333333333,71.65833333333335,4.533333333333332,0.23333333333333334,0.5249999999999999,0.025,2336.75,41149.75,6343.916666666668,21287.75,3776.333333333334,20.258333333333336,31.816666666666666,30.675,20.566666666666666,22.516666666666666,10.591666666666667,15.691666666666668,86.35833333333332,9.766666666666667,0.3583333333333333,1.075,0.7583333333333333,1.6833333333333331,17.21666666666667,1250.5,75.97500000000002,15.341666666666667,8.583333333333334,0.1,4.841666666666667,23357,56,15,12,0.4315622725521257
burleson,48051970300.0,17.939999999999994,67.66,11.82,0.16,1.12,0.0,2503.6,53329.6,9218.6,25722.0,4060.8,15.28,25.32,28.6,15.94,22.18,16.060000000000002,17.259999999999998,82.58000000000001,12.98,0.1,0.6799999999999999,0.6399999999999999,3.04,28.140000000000004,1470.4,69.02,21.42,8.88,0.7,7.9,11427,42,13,12,0.5733788395904437
burnet,48053960450.0,20.1,76.04999999999998,2.325,0.6875,0.30000000000000004,0.0,4087.0,51700.125,8276.5,27436.625,4650.75,14.9125,23.675,30.0625,19.75,22.950000000000006,15.2,12.0125,78.32499999999997,11.475,0.1375,1.9875000000000005,1.2375,6.862500000000002,26.1625,2334.125,73.3,14.6625,11.9375,0.0875,4.987500000000002,30985,96,20,12,0.7435856059383573
caldwell,48055960362.875,45.1,46.9125,6.4125000000000005,0.1375,0.30000000000000004,0.075,3462.375,48765.0,7227.625,21916.625,3749.75,16.7875,21.825000000000006,25.525,22.35,22.675,13.825,15.6125,79.7125,13.4375,0.125,1.9875,1.925,2.8375,31.625,2086.625,74.125,18.687500000000004,7.075,0.125,5.612500000000002,23848,53,3626,12,96.70144246897014
calhoun,48057165250.0,43.48,48.46,3.02,0.06000000000000001,2.78,0.08,2473.5,51707.6,10840.8,25261.6,3919.4,17.84,26.5,27.72000000000001,12.48,22.24,16.240000000000002,21.3,80.2,13.78,0.72,1.16,1.64,2.46,23.18,1569.333333333333,80.92,12.14,6.88,0.08,6.3599999999999985,12491,52,16,12,0.7992954927547834
callahan,48059030134.333336,9.1,87.2,1.7333333333333332,0.06666666666666668,0.4,0.0,3398.0,41348.0,7673.0,22425.33333333333,3061.0,18.933333333333334,20.6,25.866666666666664,16.53333333333333,24.93333333333333,14.733333333333334,17.933333333333334,84.43333333333334,10.2,0.3,2.333333333333333,0.26666666666666666,2.433333333333333,22.2,1697.333333333333,71.16666666666667,16.900000000000002,9.466666666666667,2.433333333333333,5.4,8658,9,4,12,0.0498960498960499
cameron,48061045910.609184,88.70357142857144,10.090476190476195,0.3511904761904764,0.04642857142857143,0.5619047619047617,0.0023809523809523807,2529.022988505747,32757.892857142862,7059.4880952380945,14634.595238095239,2534.5476190476197,36.22857142857143,50.38571428571427,25.564285714285717,25.75357142857143,25.689285714285717,11.278571428571427,11.720238095238097,82.54523809523808,10.444047619047616,0.9595238095238098,1.846428571428571,1.8976190476190469,2.301190476190476,19.58452380952381,1701.2758620689654,73.80238095238096,16.994047619047617,9.038095238095238,0.16785714285714284,10.46547619047619,206391,409,76,12,1.8072881084931032
camp,48063950134.333336,21.66666666666667,58.93333333333334,16.666666666666668,0.10000000000000002,0.3,0.0,2808.666666666666,36540.333333333336,6199.666666666668,20123.0,3421.666666666666,18.933333333333334,27.3,22.03333333333333,19.1,22.2,13.866666666666667,22.8,82.60000000000002,12.866666666666665,0.9666666666666668,0.20000000000000004,0.26666666666666666,3.1,23.03333333333333,1679.666666666667,74.13333333333333,15.466666666666667,10.033333333333333,0.4333333333333333,8.766666666666667,7640,16,4,12,0.10052356020942407
carson,48065950150.0,9.3,87.3,0.85,0.7,0.3,0.25,2235.0,67111.5,10927.5,28469.5,2995.5,6.75,8.7,35.75,9.9,23.45,17.9,13.0,90.45,5.300000000000002,0.25,0.7,0.0,3.3,20.15,1451.0,71.15,18.8,10.1,0.0,1.35,4264,24,7,12,0.4727954971857411
cass,48067950400.0,3.6142857142857134,77.28571428571429,17.114285714285714,0.2428571428571429,0.4142857142857142,0.11428571428571427,3321.285714285714,38911.0,6363.142857142857,21044.14285714286,2975.142857142857,20.042857142857144,30.228571428571428,20.842857142857138,18.814285714285713,24.228571428571428,15.228571428571426,20.914285714285715,88.07142857142857,6.1,0.4142857142857143,1.3571428571428572,1.9714285714285715,2.085714285714286,25.214285714285715,1709.142857142857,76.85714285714286,15.2,7.942857142857143,0.0,9.4,20119,90,18,12,0.9662508076942194
chambers,48071750300.14286,19.2,66.28,10.72,0.36,1.44,0.02,3435.0,60482.4,10326.0,28092.4,4416.8,14.04,12.86,30.14,12.52,17.04,18.16,22.14,86.4,8.8,0.0,1.24,1.86,1.72,30.28,2166.5714285714284,76.66,17.119999999999994,6.08,0.12,9.12,26882,62,15,12,0.4151476824641024
cherokee,48073950616.91666,21.79166666666667,58.80833333333334,17.391666666666666,0.075,0.4666666666666667,0.0,2908.583333333333,36942.16666666666,7233.5,18601.75,2813.416666666666,23.55,34.15,25.38333333333333,24.808333333333334,19.33333333333333,15.341666666666667,15.091666666666667,81.20833333333333,14.516666666666666,0.008333333333333333,1.8333333333333337,1.1083333333333334,1.35,24.558333333333334,1644.083333333333,71.85833333333333,21.941666666666666,5.983333333333333,0.19166666666666665,6.9,27629,81,23,12,0.8091498063628796
childress,48075950150.0,23.35,59.05,13.1,0.7,1.4,1.45,2756.0,53912.0,15428.0,18614.0,3801.0,15.25,25.7,40.95,19.15,18.15,7.1,14.65,91.85,5.7,0.0,1.95,0.0,0.55,14.8,1300.0,57.25,31.35,10.8,0.55,5.1,3428,13,3,12,0.13652275379229872
clay,48077030267.66666,5.566666666666666,90.7,0.6,1.1666666666666667,0.4,0.0,2677.6666666666665,48239.0,7411.666666666668,26142.0,3382.333333333333,12.466666666666667,14.066666666666668,28.66666666666667,19.0,24.433333333333334,14.566666666666668,13.4,84.03333333333333,8.733333333333333,0.0,2.1333333333333333,1.1333333333333333,3.966666666666667,25.23333333333333,1535.0,72.39999999999998,17.433333333333334,10.0,0.16666666666666666,7.0,7656,48,16,12,1.2037617554858937
coke,48081950150.0,20.950000000000006,77.30000000000003,0.75,0.55,0.1,0.0,1283.0,42371.5,9291.5,29246.5,7345.0,11.6,11.1,46.25,13.75,15.15,12.6,12.2,84.19999999999997,5.050000000000002,0.0,4.050000000000002,1.2999999999999998,5.45,22.3,754.0,58.6,31.6,9.85,0.0,3.1500000000000004,2215,8,4,12,0.17336343115124153
coleman,48083950533.333336,16.4,78.56666666666666,1.9333333333333331,0.9666666666666668,1.6,0.0,2193.6666666666665,38806.0,6977.0,22096.33333333333,3433.666666666666,20.33333333333333,33.43333333333333,26.366666666666664,18.166666666666668,22.73333333333333,19.933333333333334,12.833333333333336,85.63333333333333,7.333333333333332,0.1,1.8666666666666665,1.9666666666666668,3.0666666666666664,30.8,1078.3333333333333,70.2,16.233333333333334,13.133333333333333,0.3666666666666667,7.933333333333334,5663,12,4,12,0.10171287303549356
collin,48085031221.19737,14.838815789473689,60.51381578947369,8.676315789473685,0.3375,12.989473684210527,0.06315789473684211,3605.315789473684,90005.63157894739,12641.611842105263,39965.75657894737,5077.559210526316,7.651973684210525,9.63684210526316,52.51315789473682,11.953289473684206,25.00460526315789,4.853289473684212,5.686184210526314,81.61184210526321,7.094078947368423,1.040789473684211,0.8953947368421055,1.3407894736842108,8.026973684210526,27.7092105263158,2922.296052631579,84.00921052631578,9.751315789473681,6.06644736842105,0.16644736842105265,4.8723684210526335,554057,251,68,12,0.3696659368981892
colorado,48089750300.0,28.2,58.7,12.7,0.16,0.16,0.0,3036.2,45961.4,8834.8,25274.8,4041.0,15.2,17.3,28.48,17.02,20.82,16.779999999999998,16.919999999999998,87.4,7.8199999999999985,1.3199999999999998,1.64,0.16,1.7,21.42,1833.8,72.97999999999998,17.04,9.080000000000002,0.92,3.98,13445,37,11,12,0.3632577166232801
comal,48091310586.083336,26.929166666666664,68.88333333333334,1.7333333333333334,0.15,0.7708333333333336,0.012500000000000002,3678.375,69096.29166666669,11966.875,32141.54166666667,4580.041666666667,9.42083333333333,13.129166666666668,36.91666666666666,16.945833333333333,25.60833333333333,11.645833333333336,8.870833333333332,80.51666666666667,9.329166666666666,0.10416666666666667,1.1,1.3749999999999998,7.583333333333332,30.65,2257.9166666666665,77.48333333333333,12.637500000000005,9.520833333333332,0.3541666666666667,4.954166666666667,100074,179,25,12,0.5366029138437556
comanche,48093950250.0,27.3,71.05,0.375,0.1,0.30000000000000004,0.0,2426.75,37564.0,4895.75,20124.0,2515.25,23.075,39.85,26.375,15.125,20.225,17.4,20.875,80.05,12.6,0.0,2.85,1.0,3.5,22.95,1334.5,72.875,14.425,12.15,0.5249999999999999,4.725,9185,45,12,12,0.7054980947196516
coryell,48099061522.94737,17.34736842105263,61.563157894736825,13.915789473684207,0.431578947368421,1.7105263157894737,0.6736842105263159,2862.894736842105,49050.25,7629.4375,20520.368421052633,3021.7894736842104,17.12222222222222,27.155555555555548,25.889473684210525,24.97368421052632,25.77894736842105,10.16315789473684,13.2,76.75263157894737,11.84736842105263,0.5947368421052632,5.315789473684212,2.6263157894736846,2.8947368421052633,21.0,1193.8947368421052,61.04736842105264,34.72105263157894,4.063157894736842,0.16842105263157894,9.105263157894736,38711,43,5262,12,70.14006354782879
cottle,48101950100.0,28.1,59.9,10.5,0.2,0.0,0.0,1074.0,34955.0,3894.0,18926.0,2304.0,22.7,39.1,31.4,22.6,22.9,19.2,3.9,66.6,17.7,0.0,9.6,4.0,2.2,15.1,615.0,56.4,28.9,14.0,0.7,7.5,1062,12,4,12,0.5423728813559322
crane,48103950100.0,60.0,35.7,3.5,0.7,0.0,0.0,2869.0,58333.0,6374.0,23808.0,2497.0,13.1,16.3,19.0,19.4,17.3,21.9,22.3,77.0,18.9,0.6,2.0,1.4,0.0,23.0,1980.0,82.2,13.9,3.9,0.0,5.2,2666,16,4,12,0.2880720180045011
crockett,48105950100.0,61.8,36.7,0.3,0.0,0.0,0.0,2609.0,53678.0,8534.0,26675.0,3494.0,17.5,30.4,21.6,17.5,20.7,24.4,15.9,76.1,18.7,0.0,3.5,0.0,1.6,21.1,1851.0,77.4,16.3,6.2,0.2,1.8,2501,12,4,12,0.2303078768492603
crosby,48107950200.0,53.93333333333334,40.96666666666667,3.5,0.0,0.0,0.4666666666666666,1386.0,37941.66666666666,6975.333333333332,19070.33333333333,2894.333333333333,22.73333333333333,34.93333333333333,28.566666666666666,19.0,19.933333333333334,23.366666666666664,9.133333333333336,83.43333333333331,8.233333333333334,0.0,2.966666666666667,3.9,1.4333333333333331,22.23333333333333,826.0,72.56666666666666,17.3,9.633333333333333,0.4666666666666666,9.500000000000002,3540,12,709,12,28.84067796610169
culberson,48109950300.0,78.4,19.2,0.4,0.5,0.0,0.1,1591.0,35000.0,5602.0,17340.0,3140.0,29.7,41.7,20.1,32.2,24.2,15.7,7.8,73.1,18.7,0.2,2.9,3.0,2.2,11.0,1020.0,74.7,19.1,6.2,0.0,6.5,1714,18,5,12,0.6301050175029171
dallam,48111950200.0,34.1,61.7,0.75,1.2000000000000002,1.0,0.0,2092.0,47257.5,6025.5,23821.5,3271.0,14.8,21.5,24.5,21.45,16.75,20.0,17.3,80.0,11.5,1.0,1.75,2.95,2.85,12.65,1690.5,74.95,13.25,11.55,0.25,3.9,3040,8,2,12,0.06315789473684211
dallas,48113016321.818535,37.65180265654644,33.94990512333965,20.908349146110066,0.17077798861480076,5.423908918406067,0.044971537001897516,2708.3213610586013,57175.50095238095,9558.495238095238,30441.411764705877,4558.779886148008,19.265654648956332,27.65502846299809,32.563757115749546,18.40151802656548,24.27514231499051,11.567552182163194,13.192789373814035,77.73055028463011,11.181973434535106,3.3519924098671723,1.5400379506641355,2.0521821631878545,4.144592030360533,26.29790874524713,2253.228733459357,84.10796963946859,9.136812144212524,6.595445920303611,0.16129032258064513,7.710815939278937,1338338,3092,416,12,11.533158290357143
dawson,48115950475.75,52.075,40.95,5.25,0.25,0.7500000000000001,0.025,2409.5,41306.5,8125.0,20268.25,3250.0,17.1,18.175,22.225,18.15,24.7,17.35,17.55,77.47500000000002,16.1,0.275,1.75,1.75,2.6500000000000004,15.849999999999998,1211.0,68.0,20.925,10.95,0.1,9.375,7065,28,9,12,0.4280254777070064
dewitt,48123970300.0,32.7,58.76000000000001,7.979999999999999,0.08,0.08,0.0,3109.4,51639.8,11227.2,29856.6,6001.8,14.78,20.6,29.5,19.0,21.36,14.72,15.4,83.6,8.38,0.04,2.3200000000000003,1.3,4.32,23.04,1585.4,72.52,17.439999999999998,9.8,0.24,6.4,11765,27,10,12,0.2753931151721207
delta,48119950150.0,7.0,80.0,9.35,0.4,0.8,0.0,2010.0,40795.5,4627.0,20329.5,2336.0,24.35,42.4,33.05,14.9,21.75,11.65,18.6,82.35,10.2,0.0,3.4,1.75,2.25,29.75,915.0,73.15,16.45,10.4,0.0,14.3,3838,23,1,12,0.07191245440333507
denton,48121021264.80292,19.159854014598533,60.83868613138689,8.790510948905109,0.2671532846715329,8.020437956204379,0.06934306569343067,3525.2700729927,83279.24087591241,11151.642335766423,35106.67153284672,4301.686131386861,9.726277372262773,11.747445255474455,43.99197080291971,14.778102189781015,26.41824817518248,6.1598540145985385,8.662043795620438,80.70802919708032,9.12189781021898,1.0664233576642341,1.3751824817518246,1.3627737226277374,6.360583941605837,27.649635036496353,2831.2700729927,82.30583941605839,11.829927007299268,5.698540145985401,0.16277372262773726,5.577372262773722,503487,521,94,12,1.1672356982404708
dickens,48125950300.0,26.4,66.9,6.1,0.2,0.0,0.0,1714.0,39700.0,4253.0,20659.0,2919.0,20.1,24.8,41.5,15.6,16.9,19.0,7.0,75.3,9.7,0.0,6.2,2.8,6.1,16.1,744.0,59.0,31.2,9.5,0.3,13.6,1268,15,6,12,0.8517350157728707
donley,48129950250.0,10.5,82.5,5.25,0.65,0.4,0.05,1413.0,36457.5,3963.5,20544.0,2352.5,17.55,32.15000000000001,34.25,24.15,15.75,14.8,11.0,68.55,16.75,0.0,4.45,1.15,9.1,23.4,705.5,55.45,29.95,14.6,0.0,3.3000000000000003,2230,12,6,12,0.3874439461883408
duval,48131950266.66666,88.06666666666668,10.4,0.8666666666666666,0.26666666666666666,0.4,0.0,2878.333333333333,36452.66666666666,9947.666666666666,21174.666666666668,5029.666666666667,23.4,35.26666666666666,18.1,24.33333333333333,22.16666666666667,22.9,12.5,69.73333333333333,19.5,0.0,5.7,1.9666666666666668,3.1,28.133333333333336,1445.333333333333,75.86666666666666,17.266666666666666,6.533333333333334,0.3666666666666667,10.633333333333333,1971,32,9,12,1.7534246575342465
eastland,48133950300.0,16.22,79.88000000000002,2.3,0.18,0.26,0.0,2784.0,34550.6,6120.2,20221.0,4187.2,18.34,20.78,29.32,21.26,19.98,13.419999999999998,16.02,83.42,10.84,0.06,1.6800000000000002,0.8,3.22,19.96,1360.6,76.53999999999998,14.4,8.32,0.74,4.54,10860,32,9,12,0.318232044198895
ector,48135001750.321434,56.475000000000016,36.82857142857143,4.2785714285714285,0.29999999999999993,0.7607142857142856,0.0035714285714285718,3306.392857142857,57245.857142857145,9021.107142857143,25801.25,3795.0,13.603571428571431,17.15357142857143,22.75714285714286,15.87857142857143,25.114285714285717,17.939285714285713,18.325,80.93214285714286,14.578571428571427,0.5928571428571427,1.1178571428571429,0.5142857142857143,2.260714285714285,20.924999999999994,2504.642857142857,82.34285714285714,10.639285714285718,6.878571428571429,0.1392857142857143,5.117857142857141,76573,111,26,12,0.4522743003408512
edwards,48137950300.0,51.0,48.8,0.2,0.1,0.0,0.0,1480.0,41813.0,16850.0,27893.0,9683.0,10.8,20.8,22.7,20.9,26.9,22.0,7.5,56.2,14.4,0.0,5.7,7.2,16.5,23.2,912.0,57.2,23.0,19.7,0.0,4.9,1454,15,5,12,0.6189821182943603
ellis,48139060655.129036,25.00967741935484,63.906451612903226,8.632258064516131,0.27096774193548384,0.5451612903225808,0.029032258064516123,3393.1290322580644,63247.06451612902,9783.032258064517,26101.70967741936,3364.677419354838,12.541935483870967,17.03870967741935,30.758064516129032,14.841935483870966,27.25806451612902,11.138709677419355,16.012903225806447,81.52580645161291,11.787096774193547,0.3451612903225807,0.5516129032258064,0.8290322580645161,4.96774193548387,28.554838709677423,2409.7741935483873,78.57741935483871,13.9741935483871,7.390322580645161,0.05806451612903225,6.238709677419355,108499,168,36,12,0.6689093908699619
erath,48143950375.375,20.487500000000004,76.3125,1.075,0.4375,0.6124999999999999,0.0,3683.0,42170.5,8081.375,22966.0,4127.125,23.1125,22.1875,29.15,18.3,21.75,14.55,16.25,81.8375,10.2625,0.2625,2.5875000000000004,1.2,3.8375,21.100000000000005,2409.375,76.99999999999999,14.5,8.4875,0.025,4.3375,22534,37,10,12,0.1970355906629981
falls,48145000483.333336,21.9,51.46666666666667,25.116666666666664,0.05000000000000001,0.23333333333333334,0.05,2165.0,39522.5,7512.5,16748.666666666668,2367.0,21.816666666666666,31.33333333333333,25.21666666666667,21.55,22.05,15.033333333333333,16.166666666666668,76.23333333333333,13.283333333333333,2.3833333333333333,2.8000000000000003,2.333333333333333,2.95,24.78333333333333,1011.3333333333335,70.43333333333334,21.53333333333333,7.7666666666666675,0.25,7.466666666666666,10438,0,2494,12,0.0
fannin,48147950500.66666,9.322222222222225,80.93333333333331,6.322222222222222,0.2888888888888889,0.5666666666666668,0.04444444444444445,2810.888888888889,44583.0,6925.666666666668,20844.33333333333,2229.222222222222,17.411111111111108,22.077777777777783,30.91111111111111,16.966666666666665,22.04444444444444,12.733333333333333,17.355555555555554,81.87777777777778,10.477777777777776,0.04444444444444445,1.2888888888888888,1.2888888888888888,5.033333333333334,29.711111111111123,1473.2222222222224,73.35555555555554,19.366666666666667,7.155555555555557,0.1111111111111111,6.488888888888888,20809,49,15,12,0.4238550627132491
fayette,48149970400.0,16.514285714285716,76.0,6.9,0.028571428571428574,0.1,0.028571428571428574,2631.428571428572,48981.714285714275,7733.285714285716,29636.714285714286,4779.428571428572,11.214285714285712,13.742857142857144,24.07142857142857,16.685714285714287,25.514285714285712,16.87142857142857,16.857142857142858,82.91428571428571,9.585714285714284,0.17142857142857146,1.6428571428571428,1.0285714285714285,4.714285714285714,24.414285714285718,1667.0,76.22857142857143,13.471428571428573,10.057142857142855,0.2857142857142857,2.228571428571429,16583,106,26,12,1.9943315443526504
floyd,48153950550.0,55.25,40.40000000000001,2.5,0.05,0.1,0.0,2051.0,41345.5,8279.0,22474.5,3310.5,22.15,37.5,29.65,15.65,18.75,21.8,14.2,81.94999999999997,9.25,0.0,2.3,0.55,6.050000000000002,15.05,1300.0,72.55,17.6,9.75,0.1,7.75,3970,6,2,12,0.036272040302267
foard,48155950100.0,11.6,84.5,2.9,0.0,0.9,0.0,929.0,36477.0,7406.0,22871.0,3715.0,9.8,6.3,31.8,13.5,35.4,11.7,7.6,88.3,8.4,0.0,1.6,0.0,1.8,18.0,446.0,60.8,24.9,13.5,0.9,9.7,914,6,2,12,0.1575492341356674
franklin,48159950200.0,16.2,76.06666666666666,6.1000000000000005,0.3333333333333333,0.03333333333333333,0.13333333333333333,2529.0,39862.333333333336,10014.333333333334,24789.0,5404.666666666667,19.366666666666664,27.766666666666666,24.96666666666667,19.933333333333334,22.100000000000005,14.1,18.866666666666667,81.56666666666669,8.866666666666667,0.0,3.733333333333334,1.2,4.6,24.566666666666666,1436.333333333333,72.0,14.666666666666664,12.300000000000002,1.0333333333333332,7.099999999999999,6807,24,8,12,0.3384750991626267
freestone,48161000457.14286,13.828571428571427,64.60000000000001,19.47142857142857,0.4142857142857143,0.15714285714285714,0.0,2013.142857142857,45421.428571428565,11481.285714285714,23794.714285714286,3623.714285714286,14.22857142857143,24.057142857142853,26.0,23.057142857142853,19.442857142857143,15.3,16.228571428571428,83.50000000000001,11.542857142857144,0.6,1.6714285714285713,0.9428571428571428,1.7571428571428571,24.342857142857145,1124.0,73.54285714285716,19.6,6.7142857142857135,0.17142857142857146,5.1571428571428575,11956,39,2475,12,96.88022750083641
frio,48163950200.0,77.2,17.3,4.466666666666667,0.0,0.4,0.0,3931.0,35754.0,8945.333333333334,16496.666666666668,3827.0,23.0,32.1,17.333333333333332,28.73333333333333,19.233333333333334,19.33333333333333,15.333333333333336,83.03333333333333,10.800000000000002,0.13333333333333333,3.633333333333333,1.9,0.5,17.766666666666673,2206.0,80.86666666666666,15.3,3.766666666666667,0.1,5.333333333333333,8606,30,9,12,0.3764815245177783
gaines,48165950200.0,46.76666666666667,50.0,1.8666666666666665,0.2333333333333333,0.5333333333333333,0.2,3301.666666666666,57070.66666666666,11499.333333333336,21825.33333333333,3288.666666666666,11.833333333333336,12.666666666666664,22.83333333333333,12.466666666666667,19.033333333333328,27.700000000000006,17.966666666666665,77.93333333333334,15.933333333333332,0.0,3.766666666666667,0.5,1.8666666666666665,16.166666666666668,2622.6666666666665,75.43333333333334,14.0,10.6,0.0,4.5,8926,18,4,12,0.09679587721263724
galveston,48167726991.32836,24.316666666666666,54.28030303030306,16.657575757575753,0.30454545454545456,2.787878787878788,0.009090909090909092,3217.656716417911,57612.045454545456,10794.045454545454,29806.16666666667,4404.621212121212,17.35151515151514,26.03939393939394,35.345454545454544,20.67727272727273,23.28484848484849,10.398484848484852,10.289393939393936,77.08333333333333,11.327272727272728,1.465151515151515,3.1742424242424248,3.4924242424242418,3.4530303030303022,25.21212121212121,2144.492537313433,74.24545454545455,19.09848484848485,6.468181818181818,0.19090909090909086,9.004545454545452,206534,151,35,12,0.30706808564207344
garza,48169950100.0,56.0,39.0,4.5,0.3,0.1,0.0,2914.0,48508.0,5305.0,18125.0,8610.0,10.4,14.3,24.0,21.9,22.3,15.9,15.9,76.1,17.2,0.0,3.3,2.9,0.6,18.4,2018.0,70.5,17.5,12.0,0.0,2.0,2452,22,6,12,0.6460032626427407
gillespie,48171950300.0,20.56,77.74,0.25999999999999995,0.02,0.14,0.0,3833.2,54490.4,7150.0,30733.4,4101.0,10.919999999999998,17.419999999999998,35.120000000000005,20.4,21.32,13.48,9.66,74.62,15.26,0.48,2.76,2.4,4.5,20.42,2246.0,73.56,11.38,14.7,0.4,6.38,18096,90,13,12,0.7758620689655172
glasscock,48173950100.0,34.1,65.9,0.0,0.0,0.0,0.0,706.0,67303.0,17246.0,35054.0,6846.0,3.4,0.0,44.1,5.0,19.2,27.3,4.4,81.1,5.8,0.0,2.6,1.2,9.3,21.0,499.0,68.5,17.0,14.4,0.0,2.5,783,16,4,12,0.9808429118773946
goliad,48175960150.0,35.90000000000001,58.5,5.0,0.0,0.05,0.1,2857.5,51977.0,4241.0,29627.0,5127.5,18.4,30.75,29.6,17.05,21.3,13.75,18.200000000000006,76.35,14.55,0.0,3.0,0.0,6.1,27.85,1481.0,70.05,21.85,7.85,0.25,9.65,5263,33,9,12,0.6771803154094623
gonzales,48177000350.0,49.20000000000001,42.95,6.383333333333334,0.08333333333333333,0.1,0.0,2094.6666666666665,43141.833333333336,7179.666666666668,21152.5,3380.166666666666,20.933333333333334,28.816666666666666,21.91666666666667,17.933333333333334,23.016666666666666,18.65,18.516666666666666,72.8,17.2,2.1333333333333333,2.6,1.0333333333333332,4.166666666666667,21.05,1403.666666666667,77.88333333333334,13.299999999999995,8.4,0.45,6.366666666666667,12210,40,14,12,0.5503685503685504
gray,48179950485.71429,30.985714285714288,61.542857142857144,4.085714285714286,0.7428571428571429,0.4,0.08571428571428573,2259.142857142857,45925.714285714275,8350.0,20067.571428571428,2650.5714285714284,15.114285714285714,18.37142857142857,21.428571428571427,16.614285714285714,23.17142857142857,20.842857142857138,17.885714285714286,81.97142857142858,14.728571428571426,0.0,1.1999999999999995,1.3714285714285714,0.7000000000000001,20.4,1349.142857142857,81.74285714285716,11.285714285714285,6.957142857142857,0.028571428571428574,6.142857142857142,12493,19,7,12,0.1277515408628832
grayson,48181000970.26923,12.165384615384614,76.77692307692307,6.1692307692307695,1.311538461538461,1.0692307692307694,0.07692307692307694,3420.5384615384614,46366.26923076923,7723.26923076923,24520.615384615387,3187.0769230769233,16.876923076923074,22.157692307692308,29.753846153846172,19.380769230769232,24.003846153846155,11.746153846153849,15.119230769230766,77.08461538461539,13.865384615384615,0.3961538461538461,2.1499999999999995,1.4076923076923076,5.107692307692308,24.838461538461537,2109.0384615384614,78.28076923076924,13.711538461538465,7.700000000000002,0.3038461538461539,8.338461538461537,80942,141,23,12,0.4807887129055373
gregg,48183043036.36,19.09583333333333,56.18333333333334,21.5625,0.3916666666666668,1.3375,0.225,3373.68,45976.375,7611.25,23491.58333333333,3211.958333333333,19.33333333333333,26.91666666666667,25.79583333333333,18.470833333333328,25.35416666666667,12.304166666666665,18.083333333333336,83.8291666666667,10.104166666666666,0.5916666666666667,1.8791666666666664,1.5166666666666668,2.0791666666666666,19.695833333333336,2216.08,85.60416666666664,9.275,5.045833333333333,0.1,6.5166666666666675,66187,84,18,12,0.2741323824920301
grimes,48185180234.333336,21.283333333333328,60.46666666666667,15.966666666666667,0.3333333333333333,0.13333333333333333,0.0,3219.833333333333,45859.83333333334,12540.0,18889.666666666668,3071.0,22.566666666666666,27.816666666666666,21.88333333333333,19.55,27.383333333333336,14.633333333333333,16.51666666666667,79.8,12.816666666666668,0.0,3.8666666666666667,1.0833333333333333,2.433333333333333,29.6,1658.5,73.51666666666667,18.633333333333333,7.783333333333334,0.06666666666666668,5.7333333333333325,16000,42,2253,12,70.9695
guadalupe,48187210616.0,36.39999999999999,52.89310344827586,6.389655172413794,0.2344827586206897,1.7379310344827583,0.006896551724137932,3460.2758620689656,64531.03448275862,10199.58620689655,27105.413793103453,3138.310344827586,9.903448275862068,13.348275862068968,33.68275862068965,16.52068965517241,24.74827586206896,10.427586206896553,14.606896551724136,83.97241379310344,10.227586206896554,0.2448275862068965,0.7793103448275861,1.0310344827586206,3.7413793103448274,25.013793103448283,2304.2068965517237,76.9655172413793,17.713793103448282,5.027586206896551,0.2793103448275862,5.56896551724138,99012,143,34,12,0.5892619076475579
hale,48189950500.0,57.711111111111094,36.00000000000001,4.355555555555555,0.06666666666666668,0.4111111111111112,0.0,2583.1111111111113,42609.55555555556,7762.777777777777,17777.88888888889,2587.333333333333,22.777777777777782,33.73333333333333,23.511111111111113,21.33333333333333,20.366666666666667,17.4,17.388888888888893,82.72222222222223,10.477777777777778,0.4111111111111112,1.2333333333333334,1.3333333333333333,3.8222222222222215,16.466666666666665,1585.0,76.28888888888888,16.133333333333336,7.4222222222222225,0.17777777777777778,7.900000000000001,19347,47,15,12,0.4372770972243759
hall,48191950500.0,34.1,57.7,7.1,0.0,0.3,0.0,2212.0,30950.0,4283.0,17378.0,2513.0,26.9,39.9,20.6,23.9,21.9,25.9,7.7,84.2,8.3,0.2,3.3,2.5,1.4,16.0,1214.0,70.9,15.0,10.1,4.0,11.5,1989,8,4,12,0.19306184012066369
hamilton,48193950200.0,11.2,86.5,0.9666666666666668,0.43333333333333335,0.2,0.03333333333333333,2126.0,43633.66666666666,8554.333333333334,24723.33333333333,4486.666666666667,14.2,16.833333333333332,29.1,20.8,21.53333333333333,18.433333333333334,10.133333333333333,76.93333333333334,13.366666666666665,0.0,5.5,0.4666666666666667,3.766666666666667,21.8,1093.0,72.13333333333334,18.33333333333333,7.833333333333332,1.6666666666666667,5.3,5606,34,9,12,0.655012486621477
hansford,48195950200.0,45.35,53.5,0.1,0.2,0.45,0.0,1570.5,44277.0,8637.5,23854.0,3558.0,16.25,24.3,29.700000000000006,13.05,16.6,23.25,17.4,82.4,10.35,0.0,1.55,3.05,2.6,14.7,1314.5,71.19999999999997,18.200000000000006,10.45,0.15,2.1,3034,48,7,12,1.3289386947923534
harris,48201396160.49236,41.43727735368954,31.896437659033055,18.843256997455466,0.1834605597964376,6.1562340966921125,0.05547073791348599,3173.960559796438,59716.10243277848,10489.312419974392,30123.901910828023,4514.247133757962,19.01441326530612,26.681609195402288,32.91984732824431,18.160305343511453,23.11399491094146,12.318956743002554,13.487786259542002,78.18778625954194,11.32086513994909,3.3055979643765907,1.7300254452926225,2.108778625954195,3.34732824427481,27.4816560509554,2648.7137404580153,83.47124681933839,9.802544529262093,6.582824427480911,0.14249363867684475,7.990330788804068,2258976,4943,730,12,19.168278016233906
harrison,48203020381.14286,13.564285714285711,61.90714285714285,22.57857142857143,0.24285714285714285,0.4999999999999999,0.0,3344.0714285714284,45586.857142857145,9032.92857142857,23639.857142857138,4382.714285714285,18.092857142857145,26.014285714285727,31.000000000000004,15.95,22.050000000000004,14.192857142857143,16.77857142857143,86.65,7.35,0.1,0.8142857142857144,1.6285714285714286,3.414285714285714,21.042857142857144,2046.4285714285716,80.92857142857143,13.485714285714286,5.471428571428571,0.10714285714285714,7.678571428571429,42585,139,26,12,1.0183867558999649
hartley,48205950200.0,25.6,63.6,8.4,0.0,0.1,0.0,4367.0,63004.0,4591.0,21740.0,2340.0,6.4,9.3,38.6,15.4,21.0,17.7,7.3,82.4,8.3,0.0,2.7,1.2,5.4,12.7,2290.0,72.1,15.1,12.4,0.4,2.1,2652,20,3,12,0.27149321266968324
hays,48209010680.08,33.59200000000001,60.08000000000001,3.032,0.25199999999999995,1.3199999999999996,0.06,5056.56,62382.36,9185.08,28141.08,3885.68,19.452,21.264,37.368,18.284,27.399999999999995,8.792,8.159999999999998,76.404,11.596000000000002,0.944,2.4680000000000004,2.116,6.464,29.18,3489.32,73.81199999999998,18.704,7.2600000000000025,0.228,6.691999999999998,127029,155,40,12,0.5856930307252675
hemphill,48211950300.0,33.0,64.0,1.0,0.4,0.3,0.0,2453.0,62813.0,4638.0,30082.0,4159.0,12.3,22.2,28.9,16.6,25.3,19.2,10.1,77.4,15.7,0.0,2.4,0.7,3.8,17.6,1812.0,71.1,16.4,12.5,0.0,3.7,2194,17,8,12,0.7438468550592525
henderson,48213950759.352936,10.511764705882351,80.67058823529409,6.347058823529411,0.7941176470588234,0.511764705882353,0.1176470588235294,3443.3529411764707,41187.23529411765,8394.941176470587,22441.411764705877,3403.2352941176473,19.21764705882353,29.094117647058827,26.876470588235296,19.54117647058823,24.48235294117648,14.529411764705884,14.594117647058823,79.6470588235294,14.435294117647054,0.1176470588235294,1.3176470588235296,0.6705882352941177,3.8411764705882345,29.04705882352941,1790.6470588235293,74.41764705882353,14.74705882352941,10.758823529411764,0.06470588235294117,7.952941176470588,50899,130,26,12,0.796872237175583
hidalgo,48215030808.920364,90.66696428571429,7.658035714285713,0.4723214285714285,0.0580357142857143,0.926785714285714,0.0125,3400.212389380531,35595.96428571428,7555.535714285716,14829.535714285714,2537.017857142857,34.265178571428564,45.87499999999999,24.74642857142857,24.516964285714288,25.916071428571414,13.34464285714285,11.486607142857133,78.57589285714286,10.491071428571429,0.26875000000000004,1.3169642857142858,4.592857142857143,4.758928571428573,21.933035714285715,2637.433628318584,70.93124999999998,16.788392857142867,12.09375,0.19017857142857145,10.09375,362952,355,74,12,0.8685446009389671
hill,48217960700.0,22.536363636363635,67.90909090909089,8.09090909090909,0.2909090909090909,0.4636363636363636,0.0,2253.181818181818,39638.27272727273,6432.454545454545,20242.36363636364,2710.6363636363635,22.62727272727273,34.07272727272728,23.25454545454545,19.690909090909084,24.645454545454548,15.936363636363636,16.509090909090908,78.23636363636362,14.454545454545455,0.12727272727272726,1.4363636363636365,1.7999999999999998,3.954545454545455,26.709090909090904,1297.3636363636365,77.68181818181817,14.70909090909091,7.227272727272727,0.3545454545454545,8.318181818181818,22284,97,22,12,1.1491653204092622
hockley,48219950400.0,43.92857142857143,50.742857142857154,3.0571428571428574,0.4142857142857143,0.2857142857142857,0.014285714285714287,2287.428571428572,49970.857142857145,8913.142857142857,23177.285714285717,3103.285714285714,14.328571428571427,17.157142857142855,27.785714285714285,17.585714285714285,23.285714285714285,17.542857142857144,13.814285714285711,77.3142857142857,16.957142857142856,0.08571428571428573,2.4,0.6571428571428571,2.5857142857142854,21.228571428571428,1532.7142857142858,75.62857142857142,16.12857142857143,7.914285714285714,0.32857142857142857,6.914285714285714,13582,39,14,12,0.4824031806803122
hood,48221160215.2,11.07,85.82999999999998,0.96,0.7799999999999999,0.4799999999999999,0.0,4036.9,55996.6,11008.8,30007.3,4363.0,11.91,17.4,34.3,15.779999999999998,23.780000000000005,14.55,11.6,82.55000000000003,9.1,0.1,1.59,0.8400000000000001,5.83,31.98,2220.8,78.41999999999999,10.69,10.38,0.51,5.13,40157,86,10,12,0.25699130911173645
houston,48225950400.0,10.0,61.74285714285713,26.08571428571429,0.15714285714285714,0.11428571428571427,0.0,2567.0,33326.71428571428,7174.714285714284,18020.0,2720.857142857143,24.500000000000004,37.60000000000001,24.42857142857143,21.842857142857145,25.2,13.142857142857142,15.357142857142858,79.65714285714286,11.685714285714289,0.07142857142857142,1.6428571428571426,1.0857142857142856,5.885714285714287,25.942857142857147,1099.142857142857,67.52857142857142,23.02857142857143,8.942857142857145,0.4857142857142857,6.914285714285716,13090,68,21,12,1.3090909090909093
howard,48227950530.3,38.73,53.66,4.58,0.6,0.8200000000000001,0.33,2536.9,49519.2,8015.5,23168.4,3863.8,16.6,22.26,26.69,22.52,20.07,14.37,16.339999999999996,78.59,16.58,0.23,1.86,0.8700000000000001,1.89,17.78,1392.4,72.0,22.94,4.99,0.08,6.5,16893,23,6,12,0.09802876931273308
hudspeth,48229950300.0,78.4,19.3,1.1,0.0,0.8,0.0,1546.0,26384.0,2873.0,15990.0,2746.0,40.3,63.8,24.0,30.4,15.6,17.7,12.3,69.9,14.0,0.0,1.5,4.0,10.6,22.9,1141.0,57.6,33.0,9.3,0.1,5.7,1856,20,5,12,0.646551724137931
hutchinson,48233950671.428566,25.97142857142857,67.62857142857143,2.885714285714286,1.0142857142857145,0.5285714285714286,0.05714285714285715,2183.714285714286,44305.0,9411.57142857143,23538.571428571428,3556.5714285714284,19.81428571428572,26.4,22.657142857142855,17.62857142857143,22.12857142857143,21.58571428571429,15.971428571428573,81.44285714285716,13.057142857142857,0.32857142857142857,1.9,0.9285714285714286,2.3285714285714287,17.985714285714284,1335.2857142857142,81.47142857142856,12.142857142857144,6.1571428571428575,0.2428571428571429,4.857142857142857,13509,38,8,12,0.270042194092827
irion,48235950100.0,25.1,71.7,0.0,0.0,0.0,0.0,1258.0,58500.0,7101.0,30963.0,4352.0,11.6,19.9,36.8,12.3,19.9,13.8,17.3,79.4,0.9,0.4,4.4,1.1,13.8,22.9,805.0,57.9,21.1,18.5,2.5,4.4,1314,11,1,12,0.1004566210045662
jack,48237950300.0,15.866666666666665,78.26666666666667,5.133333333333334,0.3,0.03333333333333333,0.0,2262.0,49637.66666666666,10956.666666666666,23410.66666666667,3721.0,16.566666666666666,29.0,24.3,14.266666666666666,20.4,21.8,19.233333333333334,82.56666666666666,10.3,0.0,1.7666666666666666,0.9666666666666668,4.433333333333334,28.23333333333333,1116.0,74.5,15.133333333333333,9.4,0.9666666666666668,5.633333333333333,5079,14,4,12,0.132309509746013
jackson,48239950200.0,31.2,59.36666666666667,8.066666666666666,0.0,0.2333333333333333,0.06666666666666668,3337.666666666666,55189.0,5862.333333333332,25812.0,3413.666666666666,12.733333333333334,15.966666666666667,26.266666666666666,15.2,19.3,19.333333333333336,19.933333333333334,80.2,11.2,1.0,0.9666666666666668,0.3,6.333333333333332,24.66666666666667,2083.6666666666665,75.66666666666667,13.5,9.7,1.1666666666666667,5.3,10174,24,9,12,0.2547670532730489
jefferson,48245032571.0274,19.041666666666664,38.02916666666668,37.362500000000026,0.1986111111111111,3.8541666666666665,0.03888888888888889,2402.3150684931506,43442.40579710145,9836.260869565218,22680.277777777777,4363.875,21.904347826086955,29.563768115942022,25.54347826086957,21.27246376811595,23.821739130434786,13.557971014492756,15.800000000000004,86.15362318840576,8.749275362318839,0.9347826086956522,1.2594202898550724,1.5376811594202895,1.3666666666666665,19.721739130434784,1413.7397260273972,82.431884057971,13.28695652173913,4.197101449275363,0.08260869565217391,10.091304347826087,149172,226,39,12,0.7090338669455394
johnson,48251130419.85714,20.26428571428572,73.79285714285716,2.650000000000001,0.4678571428571429,0.7142857142857144,0.4678571428571429,3836.857142857143,58654.642857142855,10388.0,25218.821428571428,3495.5,12.974999999999996,18.396428571428565,30.164285714285718,14.907142857142858,23.971428571428564,13.14285714285715,17.810714285714287,84.17142857142858,9.14642857142857,0.22857142857142854,1.2464285714285717,1.182142857142857,4.0178571428571415,29.689285714285713,2462.5,81.11785714285716,13.085714285714285,5.610714285714286,0.18214285714285716,7.4678571428571425,97281,159,28,12,0.5491719863077066
jones,48253020267.16666,24.216666666666665,64.66666666666667,8.833333333333334,0.4000000000000001,0.13333333333333333,0.0,2657.6666666666665,43294.2,14615.8,19325.83333333333,6285.5,18.76,25.360000000000007,29.04,19.7,24.880000000000006,14.3,12.0,78.72,15.32,0.0,1.48,1.6,2.9,21.42,833.8333333333335,68.49999999999999,21.06,9.92,0.4800000000000001,3.96,9565,32,10,12,0.4014636696288552
karnes,48255970250.0,49.35,45.15,5.05,0.05,0.15,0.0,2832.75,50402.25,14679.0,28797.25,5601.25,22.125,36.27500000000001,28.475,17.775,24.2,17.875,11.725,82.05,12.0,0.25,1.925,1.175,2.575,25.5,1312.75,68.22500000000001,23.15,8.075,0.5750000000000001,6.125,8071,43,14,12,0.8950563746747615
kaufman,48257050640.555565,21.03333333333334,65.64444444444446,9.822222222222221,0.4222222222222222,0.7555555555555555,0.2388888888888889,4059.833333333334,58745.16666666666,12035.722222222224,23751.777777777777,3079.6111111111113,15.883333333333335,21.844444444444452,30.922222222222214,16.76111111111111,26.355555555555554,11.955555555555556,14.016666666666666,81.89444444444446,12.611111111111109,0.6555555555555556,0.7055555555555556,1.2166666666666668,2.9166666666666665,32.29444444444445,2742.1666666666665,77.81111111111113,16.083333333333332,6.044444444444445,0.05555555555555555,9.08888888888889,72976,125,29,12,0.5960863845647885
kendall,48259970334.333336,22.05,75.15,0.6666666666666666,0.03333333333333333,0.65,0.03333333333333333,4536.666666666667,73732.66666666669,16047.833333333336,35157.5,4708.166666666667,7.7333333333333325,12.666666666666664,45.53333333333333,16.733333333333334,23.13333333333333,8.966666666666667,5.616666666666667,76.33333333333333,12.216666666666667,0.2333333333333333,2.15,1.3166666666666669,7.75,29.26666666666667,2766.166666666666,74.06666666666666,15.216666666666667,10.716666666666667,0.0,4.583333333333333,29446,48,11,12,0.21517353800176595
kenedy,48261970050.0,66.2,33.6,0.0,0.0,0.2,0.0,158.0,36438.0,10695.0,14251.0,3914.0,26.7,39.3,24.9,34.1,20.5,20.5,0.0,94.6,0.0,0.0,5.4,0.0,0.0,16.6,92.5,51.9,48.1,0.0,0.0,0.0,311,12,6,12,2.7781350482315115
kent,48263950100.0,17.9,81.5,0.2,0.4,0.0,0.0,637.0,47024.0,8739.0,27962.0,4474.0,9.6,24.8,39.7,16.3,16.8,17.8,9.3,72.8,8.3,0.0,13.5,1.8,3.6,9.7,398.0,49.7,38.9,10.1,1.3,1.5,589,16,6,12,1.9558573853989811
kerr,48265960430.6,26.04,70.08000000000001,1.3299999999999998,0.26,1.0,0.05,3884.2,47165.3,8849.1,26668.2,4776.3,15.48,20.83,31.85,22.47,26.090000000000003,11.71,7.92,79.65,12.54,0.06,1.29,1.01,5.45,20.39,2052.3,72.98999999999998,16.21,10.7,0.08,8.15,32954,131,20,12,0.9540571706014443
kimble,48267950150.0,24.450000000000006,74.69999999999997,0.0,0.25,0.0,0.0,1795.5,38722.0,6028.5,26522.5,6673.5,21.1,25.75,29.7,16.5,26.6,16.65,10.55,73.45,19.5,0.0,1.6,2.45,3.1,17.9,1064.5,68.1,18.05,13.25,0.65,7.6,2885,20,4,12,0.3327556325823224
king,48269950100.0,24.7,75.3,0.0,0.0,0.0,0.0,199.0,63250.0,21355.0,30269.0,7395.0,7.1,10.5,34.3,10.2,13.9,39.2,2.4,88.6,0.0,0.0,7.8,0.0,3.6,11.6,166.0,72.9,21.1,6.0,0.0,5.1,176,8,4,12,2.1818181818181817
kleberg,48273181916.66666,71.82000000000002,21.98,3.54,0.08,1.92,0.0,3785.5,38230.6,7353.6,18974.6,2739.6,26.1,32.14,29.76,23.82,18.640000000000004,17.92,9.82,72.94,17.04,0.0,6.200000000000001,1.8400000000000003,2.02,18.1,2244.333333333333,70.74000000000002,24.64,4.4,0.22000000000000006,11.459999999999996,18186,68,17,12,0.7627845595513032
knox,48275950150.0,32.75,60.45,6.5,0.1,0.1,0.0,1328.0,39823.5,5332.0,20150.5,2127.5,16.2,24.7,27.45,16.799999999999994,19.15,28.05,8.55,77.85,15.8,0.0,2.55,2.2,1.6,17.45,767.0,67.05000000000001,25.3,6.9,0.75,6.6,2439,9,3,12,0.13284132841328414
lamar,48277000500.5,6.7333333333333325,72.80833333333331,14.941666666666668,0.3999999999999999,0.7916666666666666,0.2,3047.083333333333,40839.0,6300.25,20919.666666666668,2867.333333333333,21.108333333333327,31.25,25.29166666666666,20.250000000000004,25.125,12.008333333333333,17.308333333333334,81.78333333333333,10.075,0.016666666666666666,2.083333333333333,2.983333333333334,3.041666666666666,18.258333333333333,1746.083333333333,80.48333333333333,13.0,6.3,0.2333333333333333,8.116666666666669,29654,85,32,12,1.1006946786268297
lamb,48279950340.0,53.67999999999999,41.74,3.64,0.24000000000000005,0.16,0.0,1798.6,39961.4,4768.4,21381.6,3081.0,22.38,33.6,30.76,14.64,18.06,21.040000000000006,15.52,79.17999999999998,10.88,0.0,3.56,2.28,4.08,15.46,1141.8,74.55999999999997,15.06,10.26,0.1,5.700000000000001,7619,34,6,12,0.3213020081375509
lampasas,48281950320.6,19.58,73.5,3.38,0.16,0.96,0.06,2928.4,48259.8,8515.0,23824.0,2911.0,15.920000000000002,24.12,31.040000000000006,20.92,19.48,16.560000000000002,12.0,73.56,17.380000000000006,0.15999999999999998,2.98,3.08,2.8600000000000003,27.360000000000007,1649.0,66.18,26.22,7.58,0.0,8.559999999999999,14089,27,5,12,0.11498332032081765
lavaca,48285000350.0,18.666666666666668,73.55,6.8,0.016666666666666666,0.35000000000000003,0.0,2340.6666666666665,49346.33333333334,6645.666666666668,26992.16666666667,3355.166666666666,9.15,10.733333333333333,31.91666666666666,14.633333333333335,19.183333333333334,14.033333333333333,20.266666666666666,80.08333333333333,12.383333333333333,0.4,1.7833333333333332,0.9166666666666666,4.416666666666667,25.75,1488.166666666667,73.73333333333333,14.250000000000002,11.966666666666667,0.06666666666666668,3.9,13244,67,19,12,1.1534279673814558
lee,48287000250.0,20.9,66.325,11.3,0.0,0.55,0.0,3004.25,54925.0,9429.0,25848.0,4086.5,13.4,16.175,25.075000000000006,22.2,23.700000000000006,13.825,15.2,79.875,13.275,0.1,2.3,0.925,3.5,25.575000000000006,1926.5,74.475,16.425,8.6,0.475,4.725,10453,39,8,12,0.35817468669281544
leon,48289950200.0,12.533333333333333,78.43333333333334,7.2666666666666675,0.3333333333333333,0.4,0.0,4095.333333333334,49095.0,8941.0,29403.66666666667,5887.333333333332,13.933333333333332,23.866666666666664,31.26666666666667,13.8,21.6,19.0,14.300000000000002,80.76666666666667,9.1,0.13333333333333333,3.266666666666667,1.366666666666667,5.366666666666667,27.2,2224.333333333333,69.66666666666667,13.633333333333333,16.400000000000002,0.3666666666666667,7.633333333333333,11155,67,17,12,1.225280143433438
limestone,48293970450.0,21.525,58.21249999999999,18.5625,0.2375,0.575,0.05,2034.625,36921.0,6925.0,19321.125,3101.375,23.1625,39.625,27.8125,23.65,18.125,13.6125,16.775000000000002,80.33749999999998,13.025,0.025,1.7625000000000002,1.0375,3.85,20.7125,1173.0,62.0625,27.6,10.3,0.025,7.3,12943,71,21,12,1.38236884802596
lipscomb,48295950250.0,26.75,69.35,0.25,0.95,0.7,0.0,1093.5,64859.0,9756.0,30005.0,3976.5,9.15,10.6,32.7,9.95,16.4,20.7,20.3,79.05,11.8,0.25,2.15,4.8,1.95,20.65,831.0,71.6,15.5,12.45,0.5,5.050000000000002,1991,16,4,12,0.3857358111501758
llano,48299970350.0,7.95,89.89999999999998,1.5333333333333332,0.1,0.13333333333333333,0.0,2655.333333333333,50831.33333333334,12857.333333333336,38040.833333333336,7347.5,13.266666666666667,18.25,33.96666666666666,18.616666666666667,28.516666666666666,9.516666666666666,9.383333333333333,71.39999999999998,11.25,0.0,3.5,1.6666666666666667,12.2,24.616666666666664,1224.6666666666667,71.58333333333334,12.2,15.966666666666667,0.2333333333333333,5.766666666666667,15744,42,9,12,0.2881097560975609
lubbock,48303018680.95588,33.39253731343284,55.73432835820896,6.986567164179103,0.2731343283582089,1.870149253731344,0.037313432835820885,3110.1176470588234,48419.94029850746,8533.626865671642,24830.447761194035,3858.850746268657,21.337313432835828,26.93134328358209,33.505970149253734,21.143283582089555,25.389552238805976,9.764179104477618,10.201492537313431,80.2074626865672,11.798507462686567,0.946268656716418,2.4104477611940305,1.6641791044776124,2.9761194029850753,16.616417910447765,2080.7794117647063,76.59999999999998,16.646268656716426,6.5343283582089535,0.23432835820895526,6.628358208955223,176056,225,37,12,0.5674330894715318
lynn,48305950500.0,47.96666666666666,49.16666666666666,0.9333333333333332,1.2333333333333334,0.3,0.06666666666666668,1319.6666666666667,38951.0,6217.333333333332,22856.66666666667,3452.666666666666,19.566666666666666,31.66666666666667,29.33333333333333,16.133333333333336,24.866666666666664,20.566666666666666,9.066666666666666,77.39999999999998,13.800000000000002,0.16666666666666666,3.5,0.0,5.1,20.733333333333327,803.0,65.66666666666667,21.266666666666666,13.1,0.0,10.433333333333332,3895,24,10,12,0.7394094993581515
madison,48313000250.0,17.525,67.0,13.15,0.15000000000000002,0.175,0.1,2745.25,43335.75,8767.0,19318.0,3415.75,16.275,23.575000000000006,28.450000000000006,19.725,22.375000000000004,18.625,10.8,78.25,10.3,0.0,6.525,1.775,3.125,24.8,1048.5,64.975,21.95,12.175,0.875,4.825,7300,20,6,12,0.19726027397260276
marion,48315950250.0,3.95,70.2,23.75,0.225,1.45,0.0,2092.0,35382.25,8528.5,23004.75,4402.5,22.1,35.2,26.775,21.925,19.475,14.175,17.625,79.525,8.875,0.35,3.725,1.7999999999999998,5.6000000000000005,28.875,985.0,78.5,15.3,6.025,0.125,7.875,7222,39,10,12,0.6480199390750485
martin,48317950150.0,39.35,57.95,1.65,0.4,0.0,0.35,1677.5,55407.5,22454.0,28380.5,5793.5,12.15,14.6,26.85,18.200000000000006,17.9,26.05,11.05,71.85,18.2,0.0,3.75,1.4,4.9,17.700000000000006,1171.0,75.0,12.6,12.4,0.0,2.7,3253,21,6,12,0.4648017214878574
mason,48319950150.0,24.85,71.4,0.05,0.55,3.15,0.0,1517.0,41469.5,8045.5,25392.0,3744.0,14.5,21.15,23.700000000000006,22.15,19.55,25.5,9.1,73.9,15.05,0.0,3.95,1.65,5.5,20.55,1009.0,66.4,11.65,21.450000000000006,0.55,6.8500000000000005,2956,10,4,12,0.16238159675236807
matagorda,48321753964.545456,36.15999999999999,48.28,11.79,0.47,1.54,0.18,2256.090909090909,44482.6,13689.5,22746.9,4349.7,20.36,31.87,23.779999999999994,18.83,22.16,19.559999999999995,15.649999999999995,78.72,15.26,0.52,2.73,0.78,2.01,22.97,1443.090909090909,77.22999999999998,15.13,7.639999999999999,0.0,6.06,21662,99,18,12,0.9871664666235804
maverick,48323950412.555565,95.15555555555555,3.3777777777777778,0.1111111111111111,0.7444444444444444,0.4666666666666667,0.011111111111111113,2990.1111111111113,31708.777777777777,7085.0,14876.111111111111,2319.333333333333,27.45555555555556,37.42222222222222,20.25555555555556,27.93333333333333,21.766666666666666,13.988888888888885,16.044444444444444,77.1222222222222,16.01111111111111,0.5666666666666668,2.766666666666667,2.3666666666666667,1.1777777777777776,20.94444444444445,2256.555555555556,71.46666666666667,22.577777777777783,5.922222222222223,0.05555555555555555,13.344444444444445,30510,72,13,12,0.36814159292035403
mcculloch,48307950400.0,27.133333333333336,69.33333333333333,0.8666666666666667,0.1,0.0,0.0,2020.333333333333,45113.33333333334,8713.0,26560.33333333333,4300.333333333333,14.533333333333333,19.83333333333333,29.6,19.5,24.23333333333333,15.233333333333334,11.466666666666667,78.16666666666667,14.933333333333332,0.0,3.566666666666667,0.06666666666666668,3.233333333333333,17.933333333333334,1242.3333333333333,68.39999999999999,17.733333333333334,13.233333333333334,0.6666666666666666,5.266666666666667,5032,32,7,12,0.5341812400635929
mclennan,48309021655.78432,25.541999999999994,56.04600000000001,15.262000000000002,0.15200000000000002,1.372,0.014000000000000002,3299.803921568628,43559.0,7018.0,20987.18,2977.66,23.63673469387755,30.06122448979593,29.95600000000001,19.768,25.272,10.621999999999998,14.383999999999995,80.98400000000002,11.723999999999998,0.52,2.7540000000000004,0.8859999999999999,3.124,18.422,2112.4901960784314,80.916,13.55,5.412000000000001,0.11800000000000001,6.942000000000002,137950,198,33,12,0.5683798477709315
mcmullen,48311950100.0,48.1,50.4,0.0,1.5,0.0,0.0,568.0,46250.0,15303.0,27608.0,8792.0,11.8,11.3,25.9,22.2,30.9,10.8,10.2,75.8,6.4,6.4,4.4,2.7,4.4,11.8,324.0,60.5,25.6,12.7,1.2,14.1,687,12,4,12,0.8384279475982532
medina,48325000350.75,49.7,47.0125,1.6124999999999998,0.4125,0.2375,0.0375,4313.75,54736.5,8797.875,23998.375,4178.125,15.4,20.825,30.7875,20.15,23.975,13.2375,11.85,81.575,12.4875,0.1375,1.8375,0.8999999999999999,3.075,29.0,2451.25,71.325,19.25,9.2875,0.1375,6.2625,31508,35,7,12,0.09330963564808938
menard,48327950300.0,36.8,58.8,1.2,0.5,0.0,0.0,1604.0,34464.0,7243.0,22016.0,5782.0,14.9,21.2,28.6,23.7,17.9,20.5,9.3,73.8,17.3,0.0,3.5,0.3,5.1,17.5,797.0,52.9,24.6,21.0,1.5,8.3,1437,13,3,12,0.325678496868476
midland,48329040473.888885,42.02307692307693,48.6576923076923,6.003846153846156,0.3384615384615384,1.5230769230769234,0.09230769230769233,3684.777777777778,69040.69230769231,14279.423076923076,34774.07692307692,5308.346153846154,9.403846153846152,11.476923076923075,30.9,14.838461538461539,26.007692307692302,16.326923076923073,11.934615384615384,84.48076923076921,10.219230769230766,0.2807692307692307,1.1076923076923078,1.696153846153846,2.226923076923077,18.984615384615385,2842.333333333333,81.20769230769231,11.288461538461537,7.261538461538461,0.2307692307692308,3.765384615384616,84588,99,20,12,0.2808909065115619
milam,48331950457.571434,23.800000000000004,64.95714285714284,8.157142857142857,0.12857142857142856,0.4857142857142858,0.0,2469.5714285714284,41657.28571428572,10002.42857142857,22719.42857142857,3987.4285714285716,16.942857142857143,25.557142857142853,30.185714285714287,16.614285714285714,22.585714285714282,17.928571428571427,12.671428571428569,76.94285714285716,14.628571428571426,0.18571428571428567,1.0,2.257142857142857,4.957142857142856,25.800000000000004,1316.0,66.5,22.6,10.314285714285717,0.5714285714285714,8.985714285714286,14851,40,8,12,0.2585684465692546
mills,48333950150.0,15.8,83.5,0.35,0.0,0.05,0.0,1716.0,42647.5,6356.0,22864.0,3501.0,15.1,25.85,32.95,14.25,26.1,14.75,11.9,83.55000000000003,7.95,0.0,2.8,0.7,5.0,19.700000000000006,943.5,69.2,20.4,10.2,0.2,3.4,3381,21,7,12,0.5217391304347826
mitchell,48335950300.0,34.6,56.75,7.1,0.25,0.3,0.0,3445.5,49006.0,4782.0,23555.5,3695.5,12.5,16.3,28.950000000000006,21.5,16.8,20.2,12.55,81.19999999999997,13.15,0.45,0.6000000000000001,0.55,4.05,23.0,1477.5,62.3,27.75,9.45,0.5,4.85,4569,32,790,12,66.39527248850952
montague,48337950350.0,9.5,87.64999999999998,0.21666666666666667,0.25,0.3333333333333333,0.0,2379.833333333333,45928.33333333334,6886.333333333332,25927.33333333333,3828.0,14.65,21.28333333333333,29.43333333333333,16.3,20.116666666666667,15.75,18.416666666666664,79.46666666666668,11.4,0.0,2.0666666666666664,0.6333333333333333,6.45,25.05,1365.5,75.01666666666667,14.066666666666668,10.516666666666666,0.4333333333333333,6.566666666666666,12853,28,10,12,0.2614175678829845
montgomery,48339692373.491516,22.961016949152548,68.11186440677965,3.672881355932204,0.30338983050847457,2.2694915254237293,0.013559322033898306,5553.71186440678,72742.44067796611,11748.322033898303,34731.779661016946,4673.796610169492,13.032203389830508,18.269491525423728,37.09661016949154,16.73728813559322,23.39322033898305,11.083050847457633,11.6864406779661,80.31186440677962,11.24915254237288,1.2254237288135594,1.0627118644067797,1.347457627118644,4.810169491525423,32.50169491525424,3902.677966101695,79.75254237288135,11.683050847457626,8.455932203389832,0.09491525423728817,6.1627118644067815,334476,644,95,12,2.1949556918882074
moore,48341950250.0,51.45,37.35,2.25,0.375,7.5,0.0,2762.5,48472.0,5912.25,19934.5,2216.75,19.4,29.9,20.775,15.35,18.225,19.325,26.325000000000006,76.55,18.0,0.4,1.45,2.025,1.575,16.875,2678.5,81.7,12.025000000000002,5.95,0.35000000000000003,4.075,9771,17,7,12,0.1461467608228431
nacogdoches,48347950569.692314,17.346153846153847,58.969230769230776,20.5,0.3923076923076923,1.553846153846154,0.0,3551.6923076923076,40170.0,8027.0,21201.69230769231,3139.3076923076924,26.415384615384607,31.546153846153842,31.115384615384613,18.884615384615387,22.13076923076924,11.6,16.253846153846155,79.07692307692308,12.153846153846152,0.15384615384615388,4.115384615384616,1.7692307692307692,2.7230769230769236,19.884615384615387,2126.0,73.56153846153846,18.9,7.40769230769231,0.1,9.153846153846157,36993,68,17,12,0.3749898629470441
navarro,48349970550.0,24.66,59.44,12.96,0.29000000000000004,0.8099999999999999,0.54,3164.0,40063.2,6579.6,20449.0,2614.1,21.520000000000003,32.46,25.78,20.19,21.76,11.87,20.410000000000004,81.84,11.64,0.06,1.7900000000000005,1.2599999999999998,3.4,24.63,2015.9,74.16,17.6,8.07,0.18000000000000002,10.29,28607,80,20,12,0.6711644003215996
newton,48351950250.0,3.5250000000000004,72.9,21.95,0.425,0.45,0.0,2738.75,41271.5,9731.75,20479.0,3574.5,11.725,15.55,20.775,23.4,21.475,17.849999999999994,16.5,85.6,9.375,0.0,0.075,3.85,1.125,37.1,1227.75,78.725,17.35,3.925,0.0,12.625,9290,64,15,12,1.240043057050592
nolan,48353950300.0,34.239999999999995,59.84,4.0600000000000005,0.18,0.34,0.0,2210.6,37746.6,5741.2,20502.0,2725.8,20.9,29.14,24.28,24.880000000000006,17.08,14.56,19.16,80.7,11.679999999999998,0.2,2.6,3.12,1.7,16.52,1280.6,76.3,16.740000000000002,6.68,0.24,7.0200000000000005,8789,33,9,12,0.4055068836045057
nueces,48355027264.0,62.36296296296295,30.47901234567901,4.214814814814817,0.2049382716049383,1.6876543209876542,0.08271604938271605,3013.914634146341,52756.75949367089,9429.481012658227,24699.9012345679,3770.617283950617,17.706250000000004,25.77721518987341,27.28395061728395,22.206172839506177,24.812345679012342,13.297530864197533,12.403703703703707,78.96666666666665,11.986419753086414,2.0197530864197537,2.508641975308642,2.343209876543209,2.1543209876543212,19.643750000000004,1986.5243902439026,76.87283950617285,16.12345679012345,6.820987654320986,0.191358024691358,7.023456790123457,203026,378,84,12,1.8767251485031475
ochiltree,48357950266.66666,44.56666666666667,52.46666666666667,0.2333333333333333,0.8999999999999999,0.6,0.0,1899.0,57247.33333333334,11559.333333333336,29316.33333333333,5497.333333333333,12.833333333333336,14.133333333333333,25.43333333333333,19.0,21.066666666666666,20.266666666666666,14.233333333333334,81.03333333333333,13.066666666666668,0.0,2.2666666666666666,0.7333333333333334,2.9000000000000004,16.466666666666665,1693.666666666667,77.0,11.7,10.666666666666666,0.6666666666666666,5.8,5217,18,4,12,0.16561242093156986
oldham,48359950100.0,14.4,72.2,6.1,0.5,0.5,0.0,1344.0,50893.0,11047.0,23452.0,6306.0,13.1,17.6,39.2,19.3,19.7,11.5,10.3,80.9,9.0,0.0,3.9,1.0,5.2,17.6,773.0,73.2,20.1,6.7,0.0,7.4,1414,20,4,12,0.6789250353606789
orange,48361021347.7619,6.8761904761904775,80.87142857142858,9.047619047619047,0.4428571428571429,0.9190476190476192,0.028571428571428574,2937.761904761905,50775.142857142855,9083.57142857143,25573.04761904762,4222.761904761905,15.776190476190473,20.904761904761912,27.91904761904762,16.347619047619045,23.761904761904763,15.214285714285715,16.75714285714286,86.4761904761905,8.638095238095238,0.07619047619047617,1.3857142857142857,1.5,1.914285714285714,23.319047619047623,1696.0,81.63809523809525,13.085714285714285,5.161904761904762,0.10476190476190476,8.795238095238094,53278,135,34,12,1.0338225909380985
panola,48365950350.0,8.299999999999999,76.61666666666666,14.199999999999998,0.0,0.3666666666666667,0.08333333333333333,2886.5,51283.66666666666,7387.666666666668,26004.5,3937.0,14.85,21.96666666666667,22.133333333333336,15.983333333333334,23.200000000000006,23.03333333333333,15.6,87.14999999999998,8.716666666666667,0.3833333333333333,0.7333333333333334,0.5166666666666666,2.4833333333333334,27.633333333333336,1692.333333333333,81.14999999999998,11.35,7.5166666666666675,0.0,5.433333333333333,16392,57,19,12,0.7928257686676428
parker,48367140451.57895,11.85263157894737,83.87368421052629,1.7947368421052632,0.5789473684210528,0.6263157894736843,0.036842105263157884,4667.421052631579,68531.73684210527,11592.631578947368,30356.0,3497.5263157894733,10.831578947368422,15.389473684210525,35.60526315789474,14.994736842105262,24.836842105263155,12.731578947368426,11.810526315789476,82.41052631578948,11.173684210526318,0.17368421052631575,1.1263157894736842,1.2421052631578946,3.8736842105263154,32.242105263157896,2959.736842105264,76.25263157894737,15.557894736842105,8.005263157894738,0.1947368421052632,6.4684210526315775,92876,161,38,12,0.7904733192643956
parmer,48369950250.0,62.15000000000001,35.95,1.6,0.2,0.0,0.05,2865.5,46827.5,4845.5,20365.0,2701.5,17.35,27.8,23.8,14.05,18.4,17.05,26.7,73.35,17.1,1.1,3.3,1.7000000000000002,3.5,15.9,2332.5,77.8,12.4,9.25,0.55,3.6,4363,19,9,12,0.4703185881274353
pecos,48371950325.0,69.375,26.25,3.275,0.5,0.15,0.05,2688.5,49546.75,14115.25,20846.75,2982.0,11.7,12.45,19.35,18.1,24.35,20.425,17.825,81.85000000000002,13.124999999999998,0.4,2.325,0.675,1.625,17.924999999999994,1611.75,68.77499999999999,23.95,6.325,0.925,4.424999999999999,8223,24,9,12,0.31521342575702305
polk,48373210252.4,12.79,73.24000000000002,10.23,1.3,0.64,0.04,3428.0,40542.2,8280.8,21836.7,3267.8,17.06,26.69,25.92,21.85,22.840000000000003,15.53,13.88,74.7,15.22,0.4699999999999999,2.59,2.95,4.0699999999999985,27.65,1626.7,68.99,20.779999999999994,9.88,0.36,9.53,36469,112,21,12,0.7739175738298281
potter,48375041350.02941,36.28181818181818,48.06969696969696,9.690909090909091,0.3151515151515152,3.248484848484848,0.17575757575757575,2275.5294117647063,40198.78787878788,6675.090909090909,20692.18181818182,3384.7272727272725,22.75151515151515,30.112121212121213,24.33636363636364,23.7060606060606,22.781818181818185,12.936363636363636,16.245454545454546,76.37272727272727,16.2030303030303,1.2696969696969695,1.987878787878788,1.4848484848484849,2.678787878787879,17.966666666666672,1571.1764705882354,80.43333333333334,12.84848484848485,6.5181818181818185,0.20606060606060608,5.639393939393939,55677,81,16,12,0.2793253946872137
presidio,48377950150.0,76.44999999999997,19.55,0.0,0.3,3.65,0.0,1856.0,34578.5,11059.5,18054.0,2654.5,20.45,31.4,34.8,26.35,16.049999999999994,16.9,5.9,61.3,11.75,1.6,9.85,3.1,12.4,14.7,1305.0,55.85,31.25,12.45,0.45,9.75,4884,10,7,12,0.171990171990172
rains,48379950150.0,8.55,85.55000000000003,2.45,0.75,0.6,0.0,4276.0,48764.0,6018.5,23299.5,1850.5,11.3,18.45,27.7,15.4,23.0,14.35,19.5,81.1,11.8,0.0,2.1,1.2999999999999998,3.65,37.3,2234.0,76.55000000000003,14.7,8.649999999999999,0.05,7.9,7668,32,8,12,0.4006259780907668
randall,48381021270.86207,18.90689655172414,74.36206896551724,2.9068965517241385,0.3931034482758621,1.4103448275862072,0.04482758620689655,3203.3793103448274,63027.79310344828,10334.206896551723,30878.689655172413,3908.2413793103447,10.679310344827588,14.527586206896553,36.36896551724137,17.775862068965516,27.53793103448276,8.710344827586209,9.606896551724141,85.48965517241379,9.468965517241376,0.4068965517241379,1.2275862068965515,0.7000000000000001,2.717241379310345,18.700000000000006,2250.689655172414,75.79999999999998,17.206896551724142,6.948275862068965,0.04482758620689655,3.8517241379310345,87729,116,13,12,0.2062715863625483
reagan,48383950100.0,67.0,30.9,1.7,0.0,0.0,0.0,2064.0,52181.0,8132.0,25238.0,2525.0,15.5,22.0,20.1,10.3,22.5,21.5,25.6,84.0,10.9,0.0,2.6,1.2,1.3,16.6,1778.0,70.0,18.7,11.1,0.2,2.2,1847,8,4,12,0.20790471034109367
real,48385950100.0,20.1,79.5,0.2,0.0,0.0,0.0,2640.0,36523.0,5924.0,19549.0,2586.0,16.6,26.6,33.7,24.2,22.0,8.7,11.3,55.4,14.7,0.0,8.0,6.1,15.7,18.9,996.0,61.8,20.5,17.7,0.0,12.0,2590,10,476,12,22.05405405405405
reeves,48389950300.0,74.08,21.4,3.0,0.24,0.6,0.0,1643.0,38867.6,12209.0,19063.2,4746.6,19.04,25.520000000000003,23.78,25.559999999999995,20.2,16.34,14.14,83.38000000000002,9.66,0.0,1.6800000000000002,1.54,3.76,17.3,953.6,68.05999999999999,27.72,4.22,0.0,7.1,7089,49,1088,12,90.24460431654677
refugio,48391950300.0,49.25,42.95,5.9,0.1,0.1,0.0,2734.0,44668.5,7440.0,24889.5,3250.0,16.950000000000006,25.4,23.15,24.1,21.0,16.549999999999994,15.15,78.1,14.2,0.0,4.2,1.1,2.4,23.4,1548.0,75.25,13.95,9.65,1.25,6.65,4949,51,10,12,1.2366134572640937
roberts,48393950100.0,2.8,95.5,0.0,0.1,0.5,0.0,649.0,63889.0,9057.0,31314.0,4211.0,1.5,1.4,40.2,14.9,23.9,11.8,9.2,70.4,22.4,0.0,1.5,0.0,5.7,18.5,423.0,59.1,23.2,17.7,0.0,1.9,665,7,2,12,0.25263157894736843
robertson,48395960300.0,16.080000000000002,59.54,21.8,0.2,0.36,0.16,2341.8,43311.0,8697.8,21644.6,3546.2,19.7,25.48,28.58,18.88,22.52,13.919999999999998,16.080000000000002,81.02000000000002,11.68,0.0,3.94,0.5,2.88,25.82,1355.2,70.28,21.8,7.88,0.06,10.560000000000002,11505,45,13,12,0.6101694915254238
rockwall,48397040347.90909,16.309090909090912,73.41818181818181,4.8090909090909095,0.2363636363636364,2.5636363636363635,0.13636363636363635,5224.454545454545,91354.54545454547,9915.727272727272,37114.181818181816,4113.090909090909,6.1818181818181825,7.290909090909093,45.98181818181818,12.19090909090909,25.54545454545455,7.981818181818182,8.290909090909091,82.81818181818181,8.990909090909092,0.490909090909091,0.3909090909090909,1.4272727272727268,5.890909090909092,31.95454545454545,3754.5454545454545,77.30909090909091,15.70909090909091,6.799999999999998,0.19090909090909086,5.581818181818181,63500,100,17,12,0.32125984251968503
runnels,48399950350.0,31.625,65.05,1.4,0.4,1.1749999999999998,0.0,1917.0,46089.5,7830.75,22649.5,3783.75,17.900000000000006,21.575,30.8,14.15,22.2,14.65,18.2,84.55,9.025,0.0,1.525,0.725,4.2,18.925,1073.0,65.9,19.775,13.875,0.45,3.05,6701,22,8,12,0.3151768392777197
rusk,48401950638.692314,15.553846153846154,65.17692307692309,17.03846153846154,0.5538461538461539,0.5923076923076924,0.0,2967.615384615385,46212.0,9813.846153846154,22588.69230769231,3561.384615384615,17.03846153846154,24.93076923076923,24.238461538461536,18.323076923076922,21.0,18.47692307692308,17.97692307692308,84.56153846153849,8.56153846153846,0.2846153846153846,1.5769230769230769,0.8846153846153846,4.13076923076923,25.430769230769233,1632.2307692307693,78.94615384615385,13.099999999999996,7.823076923076924,0.14615384615384613,4.538461538461538,31279,50,12,12,0.23018638703283356
sabine,48403950200.0,3.3000000000000003,87.53333333333335,8.200000000000001,0.0,0.1,0.0,2749.0,31351.33333333333,5196.333333333333,19955.33333333333,4311.333333333333,27.46666666666667,53.9,27.500000000000004,21.0,17.133333333333333,19.7,14.666666666666664,82.80000000000003,5.466666666666666,0.2,2.066666666666667,1.6,7.866666666666666,31.766666666666666,960.6666666666665,76.26666666666667,17.099999999999998,6.633333333333333,0.0,13.066666666666665,7784,27,8,12,0.3329907502569373
schleicher,48413950300.0,50.5,49.1,0.1,0.0,0.2,0.0,2015.0,55543.0,7548.0,25199.0,3107.0,19.5,29.4,30.8,15.1,17.2,19.5,17.3,74.3,16.4,0.7,0.3,2.3,6.0,25.2,1499.0,67.4,23.5,9.1,0.0,4.1,1758,14,4,12,0.3822525597269625
scurry,48415950300.0,39.125,55.425,3.775,0.15,0.3,0.0,3040.5,58787.5,11696.25,25411.0,3911.75,9.45,10.825,23.5,19.45,18.825,24.875,13.325,82.75,10.825,1.275,1.325,0.775,3.075,16.825,1842.75,78.975,14.3,6.525,0.2,2.725,9391,33,11,12,0.463848365456288
shackelford,48417950300.0,10.8,88.3,0.1,0.0,0.0,0.0,2514.0,48750.0,6801.0,23826.0,2169.0,19.1,19.6,31.5,18.0,25.6,13.6,11.3,78.4,13.7,0.0,2.7,3.6,1.7,16.9,1502.0,74.0,13.4,12.3,0.3,3.8,2339,11,7,12,0.3950406156477127
shelby,48419950350.0,15.433333333333332,66.76666666666667,16.299999999999994,0.016666666666666666,0.7666666666666666,0.16666666666666666,2784.666666666666,39103.0,7410.5,21538.83333333333,3459.0,21.616666666666664,34.05,27.45,16.333333333333332,17.816666666666666,22.53333333333333,15.800000000000002,77.18333333333334,14.616666666666665,0.8333333333333334,1.9833333333333332,1.0166666666666668,4.383333333333334,25.95,1693.666666666667,75.31666666666666,16.533333333333335,7.983333333333333,0.15,7.383333333333334,15153,42,14,12,0.4656503662641061
smith,48423025268.14634,19.880000000000006,57.53499999999999,19.7,0.325,1.4474999999999998,0.075,3694.0,47337.225,8271.5,24682.1,3645.75,18.6075,25.24,32.55,18.665,23.29,11.77,13.714999999999998,82.20750000000002,10.225,0.3425,1.5150000000000003,2.7299999999999995,2.9750000000000005,22.1525,2337.5853658536585,81.43250000000002,12.225,6.2475,0.1225,7.4049999999999985,135935,174,34,12,0.5222496045904292
somervell,48425000150.0,18.25,80.55,0.4,0.15,0.0,0.25,3144.5,48181.0,8316.5,26756.0,3823.5,12.4,13.9,35.0,16.4,22.85,13.65,12.1,86.80000000000003,9.45,0.35,0.75,0.25,2.4,25.450000000000006,1939.0,74.6,18.200000000000006,6.5,0.7,3.75,5987,13,4,12,0.10422582261566728
starr,48427950303.066666,98.52666666666666,1.1066666666666665,0.04,0.0,0.10666666666666667,0.0,1848.0,27782.6,7639.9333333333325,12628.0,2481.933333333333,35.34,43.43333333333333,21.326666666666664,30.566666666666666,18.040000000000006,17.606666666666673,12.466666666666665,69.32666666666667,20.273333333333333,0.4733333333333333,4.1866666666666665,1.4533333333333334,4.293333333333334,23.13333333333333,1400.4,67.10666666666665,23.553333333333335,8.793333333333333,0.56,13.8,33110,32,10,12,0.11597704620960435
stephens,48429950333.333336,23.2,72.60000000000002,2.766666666666667,0.6,0.43333333333333335,0.0,2291.0,44569.66666666666,7819.666666666668,21666.0,3163.333333333333,21.5,28.83333333333333,28.866666666666664,16.533333333333335,22.43333333333333,16.866666666666664,15.300000000000002,79.06666666666666,13.5,0.9,2.6,2.3,1.6333333333333335,19.066666666666666,1268.3333333333333,71.10000000000002,16.066666666666666,12.866666666666667,0.0,4.233333333333333,5528,11,4,12,0.0955137481910275
sterling,48431950100.0,45.8,52.5,0.2,0.0,0.0,0.0,883.0,53456.0,10963.0,21386.0,3906.0,16.0,29.9,30.7,13.9,25.2,21.4,8.7,73.4,6.8,0.0,2.8,2.6,14.3,19.5,583.0,64.5,20.9,14.6,0.0,0.3,865,11,4,12,0.6104046242774567
stonewall,48433950300.0,20.2,75.5,3.7,0.0,0.0,0.0,1000.0,42155.0,8544.0,22416.0,4015.0,19.5,30.7,34.9,19.9,15.4,15.0,14.8,81.0,13.1,0.0,3.7,0.0,2.2,17.9,553.0,55.3,29.3,13.6,1.8,6.9,957,4,1,12,0.050156739811912224
sutton,48435950300.0,58.8,39.9,0.1,0.0,0.0,0.7,2506.0,51667.0,6212.0,25650.0,2686.0,8.4,9.9,25.8,14.6,14.5,26.8,18.3,79.2,12.7,0.0,1.7,1.0,5.4,16.8,1771.0,76.5,14.6,8.6,0.3,4.3,2477,8,4,12,0.15502624142107388
swisher,48437950300.0,39.2,51.76666666666667,5.833333333333332,0.3333333333333333,0.5666666666666667,0.0,1791.0,42504.0,6804.333333333332,19072.33333333333,3237.666666666666,19.3,28.83333333333333,29.9,14.9,18.766666666666666,16.5,19.966666666666665,81.16666666666667,11.766666666666666,0.0,1.6333333333333335,1.4666666666666666,4.066666666666666,22.366666666666664,928.0,78.50000000000001,12.2,9.266666666666667,0.0,6.599999999999999,3961,13,4,12,0.15753597576369605
tarrant,48439113204.38375,28.504213483146078,49.39634831460676,15.321348314606748,0.303370786516854,4.346629213483149,0.16966292134831462,3415.6022408963586,61033.52247191012,8912.106741573034,28598.426966292132,3842.766853932584,16.656179775280894,22.817134831460677,34.130056179775266,16.924999999999983,25.19016853932584,9.882022471910107,13.867977528089895,81.9741573033708,10.507865168539324,0.7662921348314609,1.3137640449438197,1.5426966292134825,3.8941011235955054,25.8758426966292,2590.310924369748,83.175,11.077808988764048,5.634831460674151,0.11095505617977526,7.404775280898873,1134484,2245,338,12,8.02630975844525
taylor,48441037455.52631,26.57297297297297,62.272972972972966,7.378378378378378,0.3675675675675675,1.6324324324324324,0.016216216216216217,2577.7368421052633,45129.65714285714,8135.885714285714,21958.324324324323,3374.027027027027,21.30810810810811,23.685714285714287,27.635135135135137,22.35405405405405,24.05405405405405,12.975675675675676,12.997297297297296,78.02972972972974,14.202702702702705,0.7297297297297298,2.7540540540540546,1.6702702702702703,2.613513513513514,15.386111111111115,1597.578947368421,75.3837837837838,18.783783783783786,5.648648648648647,0.1972972972972973,7.037837837837839,80159,117,20,12,0.3503037712546314
terrell,48443950100.0,68.0,27.8,1.6,0.8,1.8,0.0,677.0,31111.0,8353.0,27062.0,3927.0,20.2,25.9,20.0,30.6,23.9,14.9,10.6,80.5,3.1,0.0,5.8,4.1,6.5,18.6,415.0,49.4,32.8,16.4,1.4,3.7,694,4,1,12,0.069164265129683
terry,48445950266.66666,52.93333333333334,40.766666666666666,5.0,0.3333333333333333,0.06666666666666668,0.0,2896.666666666666,41194.66666666666,5894.0,20150.0,4408.666666666667,16.933333333333334,20.433333333333334,30.2,18.2,16.366666666666664,19.666666666666668,15.533333333333333,77.43333333333334,17.766666666666666,0.0,1.3333333333333333,1.1333333333333335,2.333333333333333,19.6,1589.0,72.36666666666666,18.4,9.066666666666666,0.16666666666666666,6.0,6671,20,7,12,0.2518363064008394
throckmorton,48447950300.0,12.7,84.4,0.2,0.0,0.5,0.0,1207.0,41042.0,6334.0,28305.0,4555.0,13.1,21.2,30.5,17.1,23.2,15.7,13.6,83.0,6.2,0.2,0.0,0.9,9.7,25.6,686.0,67.5,16.2,16.3,0.0,2.6,1223,12,4,12,0.4709730171708912
titus,48449950450.0,43.325,42.75,11.9875,0.475,0.5875,0.0,2354.25,43099.625,9089.375,18255.5,2486.875,21.225,29.562500000000004,21.3875,14.6875,21.5875,12.575,29.7625,82.0875,12.1875,0.6,1.0625,2.1625,1.9,17.724999999999994,1733.375,82.425,11.1125,6.4,0.07500000000000001,7.7375,17031,60,19,12,0.8032411484939228
travis,48453006242.31193,32.68617511520739,51.70737327188941,7.718433179723502,0.17235023041474665,5.378341013824888,0.06774193548387096,3368.600917431193,66877.99069767442,10479.595348837209,36125.829493087556,5057.460829493088,17.39769585253456,23.16744186046511,45.864516129032246,16.99124423963134,22.05990783410139,8.387096774193553,6.699999999999998,73.03133640552998,10.042396313364057,3.8188940092165895,2.6170506912442404,3.0350230414746533,7.456682027649769,24.456944444444442,2750.4449541284407,76.11889400921659,15.818433179723511,7.902304147465436,0.16221198156682026,6.067281105990782,787670,874,143,12,1.9040765802937776
trinity,48455950300.0,9.26,79.16,10.38,0.4600000000000001,0.16,0.0,2228.0,33574.4,6325.4,19901.8,3587.8,16.68,24.64,23.98,27.4,24.12,11.660000000000002,12.82,77.55999999999997,11.62,0.5,2.18,2.1,6.0200000000000005,33.480000000000004,984.4,69.12,17.44,12.2,1.22,9.26,11446,64,20,12,1.341953520880657
tyler,48457950300.0,6.6,81.64000000000001,9.5,0.34,0.2,0.0,3387.2,42529.2,9618.2,21475.6,2810.2,16.86,22.6,25.04,22.94,21.880000000000006,16.46,13.660000000000002,77.7,13.080000000000002,0.04,1.52,3.6800000000000006,3.94,33.46,1446.0,72.32,22.24,5.12,0.36,10.580000000000002,13835,54,17,12,0.7962414166967835
upshur,48459950400.0,7.542857142857143,80.15714285714284,9.642857142857142,0.4428571428571429,0.5571428571428572,0.0,4192.714285714285,47577.285714285725,8125.0,22801.285714285717,2914.857142857143,13.528571428571427,19.928571428571427,26.614285714285714,20.057142857142857,22.071428571428577,13.928571428571427,17.3,83.84285714285714,10.185714285714283,0.31428571428571433,1.1571428571428568,0.6714285714285715,3.8428571428571434,26.74285714285714,2407.0,79.02857142857144,12.628571428571426,8.171428571428573,0.15714285714285714,7.957142857142856,27528,61,16,12,0.4254577157802965
upton,48461950150.0,45.75,49.7,3.75,0.0,0.0,0.0,1050.5,47699.0,8470.5,24239.0,4085.5,16.0,16.3,24.450000000000006,16.25,18.5,21.4,19.45,78.75,12.85,0.0,3.1500000000000004,1.75,3.55,16.95,663.0,73.35,19.5,7.2,0.0,4.300000000000002,2175,11,377,12,22.88
uvalde,48463950300.0,68.88,29.26,0.22000000000000006,0.4,1.06,0.04,3466.6,41166.8,9371.8,18150.4,2828.8,19.52,28.860000000000007,29.340000000000003,22.76,19.66,17.14,11.080000000000002,81.8,12.44,0.1,1.2,0.8800000000000001,3.5400000000000005,18.9,2160.2,64.38,25.54,10.080000000000002,0.0,7.840000000000002,16973,63,14,12,0.6235786248748012
victoria,48469043501.565216,47.98636363636363,43.15454545454545,6.127272727272726,0.03636363636363637,1.2772727272727271,0.0,2753.043478260869,51479.727272727265,8841.045454545454,25448.681818181816,4102.409090909091,18.28181818181818,27.731818181818177,26.59090909090909,18.69090909090909,25.40909090909091,14.872727272727275,14.44090909090909,79.8272727272727,13.6,0.9863636363636364,1.1681818181818182,1.1181818181818177,3.3090909090909086,20.37727272727273,1804.9130434782608,80.23636363636362,11.636363636363635,7.745454545454546,0.3636363636363637,6.549999999999998,55470,145,35,12,1.0978907517577068
walker,48471790380.6,17.68,57.78000000000001,22.17,0.25,1.22,0.01,5507.9,40652.1,8570.2,16921.5,3321.6,26.0,30.45,30.71,28.15,24.14,7.729999999999999,9.290000000000003,80.83999999999997,10.13,0.17,4.48,1.31,3.0700000000000003,25.0,2261.2,60.78,34.97000000000001,4.1400000000000015,0.13,4.4,31956,69,16,12,0.41457003379647017
waller,48473680350.0,27.500000000000004,43.08333333333334,26.28333333333333,0.18333333333333332,0.7999999999999999,0.0,5124.5,55570.6,9604.6,22945.16666666667,2851.333333333333,14.333333333333336,23.62,29.2,20.83333333333333,27.7,12.133333333333333,10.166666666666666,71.91666666666667,9.316666666666666,0.6,10.216666666666667,2.45,5.4833333333333325,32.416666666666664,3354.5,77.9,16.566666666666666,5.4833333333333325,0.05,8.85,32834,71,19,12,0.4930255223244198
ward,48475950200.0,50.93333333333334,42.333333333333336,5.166666666666667,0.6,0.3,0.0,2547.333333333333,50207.33333333334,10165.0,23807.66666666667,2904.0,16.400000000000002,20.233333333333334,20.5,19.566666666666666,21.766666666666666,21.600000000000005,16.5,82.03333333333333,10.3,0.0,2.8000000000000003,1.6333333333333335,3.266666666666666,21.33333333333333,1553.666666666667,79.8,14.9,5.0,0.3333333333333333,4.4,6520,20,5,12,0.1840490797546012
washington,48477170350.0,15.483333333333334,63.35,18.4,0.3666666666666667,1.616666666666667,0.13333333333333333,4255.0,50458.83333333334,8737.333333333334,24537.83333333333,4555.5,13.85,19.9,29.05,17.366666666666667,23.433333333333334,12.733333333333334,17.366666666666664,83.31666666666669,10.616666666666664,0.3,1.7166666666666668,1.4,2.65,20.58333333333333,2396.6666666666665,73.83333333333333,18.233333333333334,7.883333333333333,0.05,4.983333333333333,23238,68,15,12,0.5267234701781565
wharton,48481740600.0,39.22727272727273,43.1,17.218181818181815,0.009090909090909092,0.0818181818181818,0.0,2526.5454545454545,41980.72727272727,9802.454545454546,20324.81818181818,3083.090909090909,20.80909090909091,31.44545454545455,24.572727272727274,20.890909090909084,19.754545454545454,18.172727272727283,16.636363636363637,80.31818181818181,13.090909090909092,0.2454545454545455,1.2818181818181815,1.2454545454545451,3.8363636363636364,22.87272727272727,1689.4545454545455,80.08181818181819,11.199999999999998,8.581818181818182,0.13636363636363638,7.800000000000002,25095,53,8,12,0.2027495517035266
wichita,48485038224.432434,20.39722222222222,64.375,10.480555555555558,0.6083333333333332,1.7472222222222222,0.016666666666666666,2632.7837837837837,44210.66666666666,6591.25,21908.5,3460.75,20.43888888888889,29.04722222222223,28.83888888888889,23.380555555555553,23.95555555555556,10.008333333333336,13.80833333333333,81.47222222222223,9.69444444444444,0.6666666666666666,4.138888888888889,1.2111111111111112,2.827777777777777,14.847222222222221,1487.918918918919,75.99444444444445,18.052777777777774,5.775,0.175,6.841666666666669,79116,135,27,12,0.5528590929774003
wilbarger,48487950525.0,25.975,62.075,9.025,0.4,0.6,0.0,2413.25,41614.25,5641.0,20074.75,2401.0,19.3,24.175,27.025,21.425,20.675,16.15,14.7,79.15,13.874999999999998,0.0,2.0,1.5499999999999998,3.45,14.525,1494.25,68.69999999999999,26.375,4.875,0.05,7.85,8137,12,4,12,0.0707877596165663
willacy,48489957083.333336,87.92,10.44,0.9200000000000002,0.08,0.04,0.02,2300.333333333333,27251.6,7444.8,12106.2,1948.8,38.36,48.72000000000001,22.72,26.28,20.32,17.4,13.32,88.08000000000001,5.62,0.0,3.06,0.8,2.46,23.5,894.1666666666665,68.34,22.84,8.74,0.12,10.76,12151,30,10,12,0.2962719117768085
williamson,48491020626.17978,23.976404494382013,62.820224719101134,6.047191011235953,0.17415730337078653,4.666292134831462,0.02808988764044944,3558.85393258427,74829.20224719103,9988.0,31770.123595505615,3925.2359550561796,8.0438202247191,10.679545454545458,43.61348314606741,15.035955056179777,24.79775280898877,8.257303370786515,8.30112359550562,80.37752808988766,9.556179775280894,0.6741573033707864,0.9685393258426964,1.521348314606742,6.90674157303371,27.406741573033706,2622.674157303371,78.45280898876406,15.033707865168534,6.362921348314607,0.15955056179775282,6.024719101123595,336148,477,59,12,1.0046646120161358
wilson,48493000301.90909,39.24545454545454,57.73636363636365,1.4727272727272729,0.2,0.2,0.0,3006.818181818182,67363.18181818182,9181.454545454546,27911.090909090908,3896.181818181818,11.3,13.6,30.62727272727272,16.972727272727273,24.318181818181817,15.472727272727274,12.572727272727274,81.2090909090909,11.78181818181818,0.09090909090909093,1.0545454545454545,0.5727272727272728,5.300000000000002,31.94545454545454,1865.5454545454545,72.47272727272727,19.96363636363636,7.463636363636365,0.1,5.718181818181818,32704,65,16,12,0.3816046966731898
wise,48497150383.181816,17.145454545454548,79.35454545454544,1.0909090909090908,0.6727272727272727,0.3545454545454545,0.027272727272727282,3922.2727272727284,58960.09090909091,11523.727272727272,27581.454545454544,3730.5454545454545,11.263636363636365,16.83636363636364,28.44545454545454,15.745454545454548,24.47272727272728,14.28181818181818,17.063636363636366,81.48181818181818,11.127272727272727,0.027272727272727282,0.7818181818181817,0.6363636363636365,5.954545454545454,31.94545454545455,2468.5454545454545,77.10000000000002,14.4,8.381818181818183,0.1272727272727273,7.4,41749,75,21,12,0.4527054540228509
wood,48499950450.6,9.19,83.6,4.99,0.5000000000000001,0.6299999999999999,0.0,3329.4,44648.9,7786.2,24167.3,3752.4,14.82,20.42,29.75,18.380000000000006,23.44,13.190000000000005,15.23,79.80000000000003,10.240000000000002,0.29,2.93,1.14,5.64,28.24,1586.8,75.22999999999998,15.65,8.559999999999999,0.51,8.930000000000003,29838,61,11,12,0.2698572290367987
yoakum,48501950150.0,58.25,39.65,0.45,0.1,0.6,0.0,2043.5,56363.5,12710.0,23568.5,3846.5,12.1,14.75,28.6,11.75,14.8,30.6,14.25,80.45,16.950000000000006,0.0,0.55,0.15,1.9,16.6,1773.0,71.9,18.35,9.65,0.15,7.2,4205,7,2,12,0.03995243757431629
young,48503950425.0,20.5,76.0,1.45,0.475,0.275,0.0,3281.25,45304.25,8551.75,24673.5,4314.75,16.4,23.3,28.55,18.075,22.225,16.925,14.225,82.225,11.1,0.0,0.7250000000000001,1.175,4.825,15.325,2072.0,73.45,15.849999999999998,10.45,0.275,5.675,11510,16,5,12,0.08340573414422242
zapata,48505950334.333336,93.7,6.2666666666666675,0.03333333333333333,0.0,0.0,0.0,2174.333333333333,32770.333333333336,8755.0,17110.333333333332,3464.666666666666,36.13333333333333,48.8,16.166666666666668,29.23333333333333,16.4,20.633333333333336,17.566666666666666,74.89999999999998,19.2,0.3,3.1666666666666665,0.3,2.1333333333333333,19.53333333333333,1728.0,73.2,18.233333333333327,8.6,0.0,11.933333333333332,7590,14,7,12,0.1549407114624506
